:1000000020A80020095000001B50000021500000D3
:100010002D500000275000002D50000033500000EC
:100020002D5000002D5000002D50000061580000A0
:100030002D5000002D500000F15700009155000098
:100040002D5000002D5000002D5000002D500000BC
:100050002D5000002D5000002D5000002D500000AC
:100060002D5000002D5000002D5000002D5000009C
:100070002D5000002D5000002D5000002D5000008C
:100080002D5000002D5000002D5000002D5000007C
:100090002D5000002D5000002D5000002D5000006C
:1000A0002D5000002D5000002D5000002D5000005C
:1000B0002D5000002D5000002D5000002D5000004C
:1000C0002D5000002D5000002D5000002D5000003C
:1000D0002D5000002D5000002D5000002D5000002C
:1000E0002D5000002D5000002D5000002D5000001C
:0C00F0002D5000002D5000002D5000008D
:1001000053B94AB9002908BF00281CBF4FF0FF317E
:100110004FF0FF3000F06CB9ADF1080C6DE904CE82
:1001200000F006F8DDF804E0DDE9022304B07047D2
:100130002DE9F047089D04468846002B7DD18A4270
:1001400017463FD9B2FA82F242B1C2F12000914083
:10015000974024FA00F0944040EA01084FEA174C17
:10016000230C1FFA87FEB8FBFCF60CFB168106FB7E
:100170000EF043EA0143984205D9FB1802D2984297
:1001800000F22481013E191AA3B2B1FBFCF00CFB72
:10019000101100FB0EFE43EA0144A64505D93C19A7
:1001A00002D2A64500F20F81013840EA0640A4EBD6
:1001B0000E0400261DB1D4400023C5E9004331469A
:1001C000BDE8F08702B9FFDEB2FA82F2002A50D110
:1001D000CB1B4FEA174E1FFA87F80126210CB3FB01
:1001E000FEFC0EFB1C300B4608FB0CF941EA0041FB
:1001F00089450AD979182CBF01230023894502D9E2
:10020000002B00F0D9800CF1FF3CA1EB0901A3B257
:10021000B1FBFEF00EFB101108FB00F843EA0144AD
:10022000A04505D93C1902D2A04500F2C980013889
:10023000A4EB080440EA0C40BCE78B4209D9002D2E
:1002400000F0B1800026C5E9000130463146BDE826
:10025000F087B3FA83F6002E46D18B42C0F0A68019
:10026000824240F2A3803046002DA8D0C5E9004864
:10027000A5E79740C2F1200301FA02F04FEA174EBA
:10028000D94024FA03F31FFA87F894400343B1FBE3
:10029000FEF01E0C0EFB101100FB08FC46EA0141AB
:1002A0008C4509D979182CBF012600268C4502D926
:1002B000002E00F093800138A1EB0C019BB2B1FB42
:1002C000FEF60EFB161106FB08FC43EA01418C45C5
:1002D00005D9791802D28C4500F28780013EA1EB46
:1002E0000C0346EA004679E7C6F1200703FA06F454
:1002F00002FA06FC01FA06FEFA4020FA07F8F94075
:1003000000FA06F3224348EA0E044FEA12484FEA85
:10031000144E1FFA82F9B1FBF8FA08FB1A110AFB16
:1003200009F04EEA014E70450AD912EB0E0E2CBFB1
:1003300001210021704501D9002952D00AF1FF3A6C
:10034000AEEB000EA4B2BEFBF8F008FB10EE00FB13
:1003500009F944EA0E4EF14505D912EB0E0E01D211
:10036000F14538D8013840EA0A40AEEB090EA0FB4F
:100370000C89CE4541464C4602D306D1434504D2B2
:100380000138B8EB0C0169EB020415B35A1A6EEB95
:10039000040EF2400EFA07F72EFA06F30026174372
:1003A000C5E900730BE72E46284608E7841A61EB7F
:1003B00003010120884657E7ACF1020C394424E7D9
:1003C00002383C4434E702383C44EEE6023E3B440B
:1003D000D9E62E46F3E602389644C4E7023839449B
:1003E0006AE7AAF1020A9644AAE7023E394476E790
:1003F000704700BF034613F8012B002AFBD1181ADF
:100400000138704780B400AF034B1B681846BD46E7
:100410005DF8047B704700BFCC9B002080B400AF28
:10042000084B1B6800221A71064B1B681B68054AA3
:100430001360044B1B681B791846BD465DF8047BAE
:10044000704700BFCC9B002090B488B000AFF8602C
:10045000B96011461A460B46FB8013467B71FA8839
:1004600079793B8D03F108003B8D08335C4203F042
:10047000030304F0030458BF6342C3F104030344BD
:1004800003FB01F39A4201DA01234AE03B8D083372
:100490005A4203F0030302F0030258BF5342DBB297
:1004A000C3F10403FB76BB687B610023FB6127E09B
:1004B0003B8D03F10802FB7E1344FA6902FB03F350
:1004C0001A467B691344BB60BB6800221A71BA6884
:1004D00053796FF301035371BA6853796FF3830350
:1004E0005371BB683A8DDA80BB6803F10802398D1D
:1004F000FB7E0B441A44BB681A60FB690133FB6145
:100500007B79FA699A42D3DBBB687A691A60FB6827
:100510007A691A60FB6800225A60044A7B6913609A
:10052000002318462037BD4690BC7047CC9B002066
:1005300080B500AF0AF050F9034B1B68024A43F044
:1005400000431360FEE700BF2800095880B582B061
:1005500000AF09F00BFE11490F2007F00DFE104906
:100560000F2007F0AFFD0F2007F0E4FD0F2007F08C
:10057000EDFD0346012B0CBF01230023FB71FB792A
:10058000002B05D0002000F067F8FFF7D1FFEDE762
:10059000002005F079F9FFF7CBFFE7E702800320A1
:1005A000A505000080B483B000AF0346FB7100BF17
:1005B0000C37BD465DF8047B7047000080B58AB0FB
:1005C00000AF00F0A8FB09F0D1FD07F108031846C1
:1005D00004F058FD01237B6001237B6207F10803CF
:1005E000796A184604F062FD38623B6A002B00D03D
:1005F000FEE73A1D07F108031146184604F06DFDA9
:1006000007F108034FF40361184604F080FD024629
:100610003B6A13433B623B6A002B00D0FEE707F1C5
:10062000080107F11C000023074A04F07FFD38622F
:100630003B6A002B00D0FEE701F09CFC002318462B
:100640002837BD4680BD00BF4D05000080B483B093
:1006500000AF78603960FEE72DE9B0439CB002AF8F
:10066000786007F12C03184607F04EFAAB490620D4
:1006700007F082FDA949072007F07EFD0021062032
:1006800007F054FE0021072007F050FE20230093BE
:1006900002235822A249A348FFF7D6FE0346002BA7
:1006A00008D00121062007F041FE0121072007F0B4
:1006B0003DFEFEE79C4B9B4ADA619B4AD37B43F0AD
:1006C0000103D373984AD37B43F00203D373964B51
:1006D0001E221A75944A937B6FF341039373924AD7
:1006E000937B43F0040393738F4A137B6FF30303ED
:1006F00013738D4B8D4A5A608B4A537B022161F3F1
:1007000003035373884B8A4A1A62884B1E22DA739A
:10071000864B884A5A61854A137B072161F303039C
:100720001373824B844A9A6007F12C03834A8449ED
:10073000844807F0F5F90346834A1360824B186832
:100740004FF000024FF00003CDE900230023002208
:100750007E4907F0E3F807F10803184608F0E0FCCB
:100760004FF4E1333B6207F108031946002009F01A
:1007700023F8F865FB6D002B04D10121062007F05A
:10078000D5FDFEE70F2007F0E1FC0346002B0CBF70
:100790000123002387F85B3097F85B30002B40F093
:1007A000B580FFF72FFE78657B6D08333B6500232E
:1007B0001E22396DF86D08F061FF5A48FFF72EFED2
:1007C0004FF000024FF00453C7E918230DE05E4BD1
:1007D00018685F4A4FF00003CDE900235D4B00220B
:1007E000514907F07FF9C7E91801D7E918234FF0FD
:1007F00000004FF0005102EA000403EA010554EA48
:1008000005030CD0D7E918234FF000004FF080719A
:1008100002EA000803EA010958EA0903D7D1D7E937
:100820001823B3F1804F08BF002A22D0D7E918233C
:10083000B3F1804F08BF012A1AD2D7E91823B3F1C8
:10084000005F08BF002A16D0D7E91823B3F1005F74
:1008500008BF012A0CD2D7E91823002B08BF022AAF
:100860000BD0D7E91823B3F1805F08BF002A06D068
:10087000FEE700BF04E000BF02E000BF00E000BFF1
:10088000294B5B889BB2FB64FB6C43F206429342AC
:100890002ED8FB6CB3F5505F14D232E0FB6CA3F59D
:1008A0006053052B2DD801A252F823F00509000052
:1008B0000509000005090000050900000509000000
:1008C00005090000FB6CA3F55053062B19D801A2B3
:1008D00052F823F009090000090900000909000085
:1008E00009090000090900000909000009090000C0
:1008F000FB6C43F60502934203D8FB6CB3F5605FD3
:10090000CCD2FEE700BF3DE700BF3BE700BF00BF22
:1009100018466837BD46BDE8B08300BF00C0002060
:10092000CC08002030090020C8040020B0040020BA
:100930002409002044090020801A060068040020D1
:1009400030040020C8070020C808002098040020B8
:1009500002008000590900002DE9B04384B000AFC7
:10096000F860C7E900230B467B81D7E900234FF4E9
:1009700000004FF0000102EA000803EA010958EA0A
:10098000090325D00021072007F0D0FC062007F03E
:10099000B7FCFFF737FD03461E4A13601D4B1B686B
:1009A0001A7A1D4B1A701B4B1B68083301331B4A04
:1009B00013601A4B1B68184A1278194618480AF037
:1009C00003FF154B1A78174BDA73FFF727FD1CE06E
:1009D000D7E900234FF002004FF0000102EA0004C3
:1009E00003EA010554EA050307D00021072007F0B8
:1009F0009DFC062007F084FC07E00121072007F09A
:100A000095FC0021062007F091FC00BF1037BD4681
:100A1000BDE8B083380900203C09002040090020CF
:100A200044090020B004002080B584B000AFF86015
:100A30000B467A60FB72FB7A7A681946F86800F018
:100A40000AF8FB7A7A681946F86800F011F800BFD6
:100A50001037BD4680BD80B485B000AFF8600B464E
:100A60007A60FB7200BF1437BD465DF8047B7047A7
:100A700080B586B000AFF8600B467A60FB72FB7AF7
:100A800003F00103002B00F090800023FB7500238E
:100A9000BB750021222007F049FC0021032007F04C
:100AA00045FC0021232007F041FCF86807F06AF9B3
:100AB0000346C3F3C073DBB27B757B683B613B6964
:100AC0001B8843F60702934215D043F60702934270
:100AD0001DDC40F60202934202D0B3F5C15F16D18D
:100AE0003B69DB7B03F07F03BB75BB7D002B10D024
:100AF0000123FB750DE03B6993F8243003F07F037D
:100B0000BB75BB7D002B06D00123FB7503E000BF46
:100B100002E000BF00E000BFFB7D002B22D07B7D08
:100B2000012B0FD100223349222007F087FB32220C
:100B30003049032007F082FB2F222E49232007F0A3
:100B40007DFB52E000222B49222007F077FB002298
:100B50002849032007F072FB00222749232007F0D1
:100B60006DFB42E07B7D012B0FD12F2221492220FA
:100B700007F064FB32221F49032007F05FFB0022CD
:100B80001C49232007F05AFB2FE000221A4922209B
:100B900007F054FB00221749032007F04FFB002207
:100BA0001449232007F04AFB1FE0FB7A03F00203FD
:100BB000002B1AD00021222007F0B8FB00210320CF
:100BC00007F0B4FB0021232007F0B0FB0022094905
:100BD000222007F033FB00220649032007F02EFBFA
:100BE00000220449232007F029FB00BF1837BD4627
:100BF00080BD00BF00C0002001C0002080B584B0CF
:100C000000AF0346FB710021262007F08FFB002375
:100C1000FB7319E00021272007F088FBFA79FB7BA2
:100C2000C3F1070342FA03F303F00103194624203A
:100C300007F07CFB0121272007F078FB082009F052
:100C4000D7FDFB7B0133FB73FB7B072BE2D9002134
:100C5000272007F06BFB0121262007F067FB4FF4EC
:100C60002F7009F0C5FD00BF1037BD4680BD0000E4
:100C700080B500AF0A49262007F07EFA0021262021
:100C800007F054FB012009F0B3FD0121262007F0F5
:100C90004DFB4FF40C7009F0ABFD00BF80BD00BFF1
:100CA00001C8002080B582B000AFFFF7E1FF134913
:100CB000262007F061FA1249272007F05DFA104953
:100CC000242007F059FA0F49252007F055FAB923D7
:100CD000FB71FB791846FFF791FF262007F000FA19
:100CE000272007F0FDF9242007F0FAF9252007F066
:100CF000F7F900BF0837BD4680BD00BF01C800201E
:100D000000C800200240002080B400AF00BFBD46F4
:100D10005DF8047B704780B500AF07F09FFC09F0D9
:100D200025FAFFF7BFFFFFF7EFFF00BF80BD80B4DC
:100D300083B000AF78607B6803F108027B685A607B
:100D40007B684FF0FF329A607B6803F108027B6892
:100D5000DA607B6803F108027B681A617B68002215
:100D60001A6000BF0C37BD465DF8047B704780B445
:100D700083B000AF78607B6800221A6100BF0C3737
:100D8000BD465DF8047B704780B485B000AF7860E5
:100D900039607B685B68FB603B68FA685A60FB6897
:100DA0009A683B689A60FB689B683A685A60FB687F
:100DB0003A689A603B687A681A617B681B685A1CBB
:100DC0007B681A6000BF1437BD465DF8047B70472E
:100DD00080B485B000AF786039603B681B68BB6049
:100DE000BB68B3F1FF3F03D17B681B69FB600CE07C
:100DF0007B680833FB6002E0FB685B68FB60FB68B4
:100E00005B681B68BA689A42F6D2FB685A683B680E
:100E10005A603B685B683A689A603B68FA689A6017
:100E2000FB683A685A603B687A681A617B681B689D
:100E30005A1C7B681A6000BF1437BD465DF8047BFE
:100E4000704780B485B000AF78607B681B69FB6039
:100E50007B685B687A6892689A607B689B687A684E
:100E600052685A60FB685B687A689A4203D17B6873
:100E70009A68FB685A607B6800221A61FB681B68ED
:100E80005A1EFB681A60FB681B6818461437BD467B
:100E90005DF8047B704780B584B000AF786039603E
:100EA0000123FB607B68BB60BB68002B02D104F0B0
:100EB00083FCFEE7BB68002B57D0BB68DB6B002BC5
:100EC00053D0BB681A6CBB68DB6B0021A3FB022309
:100ED000002B00D001210B46002B46D104F02CFB47
:100EE000BB681A68BB68DB6BB968096C01FB03F36C
:100EF0001A44BB689A60BB6800229A63BB681A6890
:100F0000BB685A60BB681A68BB68DB6B013BB96899
:100F1000096C01FB03F31A44BB68DA60BB68FF226B
:100F200083F84420BB68FF2283F845203B68002BF0
:100F30000ED1BB681B69002B14D0BB681033184658
:100F400001F020FC0346002B0CD004F0E3FA09E08A
:100F5000BB6810331846FFF7EAFEBB682433184617
:100F6000FFF7E5FE04F0FAFA01E00023FB60FB68FE
:100F7000002B02D104F020FCFEE7FB681846103776
:100F8000BD4680BD80B588B002AFF860B9607A60B8
:100F90003B6000237B613B68002B02D104F00CFC1A
:100FA000FEE7FB68002B28D03B68002B25D07B6830
:100FB000002B02D0BB68002B1FD07B68002B02D116
:100FC000BB68002B19D150233B613B69502B02D0E9
:100FD00004F0F2FBFEE73B693B687B617B69012221
:100FE00083F8462097F820207B69009313467A689F
:100FF000B968F86800F056F805E07B69002B02D16B
:1010000004F0DAFBFEE77B6918461837BD4680BD61
:1010100080B58AB002AFF860B9601346FB71002357
:10102000FB61FB68002B32D00021BA68FB68A3FB90
:101030000223002B00D001210B46002B27D1FB6897
:10104000BA6802FB03F313F1510F20D8FB68BA68AA
:1010500002FB03F3BB61BB695033184602F0E8FAA8
:10106000F861FB69002B18D0FB697B617B69503309
:101070007B61FB69002283F84620FA79FB690093C3
:1010800013467A69B968F86800F00CF805E0FB6966
:10109000002B02D104F090FBFEE7FB6918462037D5
:1010A000BD4680BD80B584B000AFF860B9607A609D
:1010B000FB70BB68002B03D1BB69BA691A6002E000
:1010C000BB697A681A60BB69FA68DA63BB69BA6897
:1010D0001A640121B869FFF7DEFEBB69FA7883F86C
:1010E0004C2000BF1037BD4680BD80B58AB000AF30
:1010F000F860B9607A603B6000237B62FB683B620A
:101100003B6A002B02D104F057FBFEE7BB68002BC3
:1011100003D13B6A1B6C002B01D1012300E00023AB
:10112000002B02D104F048FBFEE73B68022B03D101
:101130003B6ADB6B012B01D1012300E00023002B74
:1011400002D104F039FBFEE701F08EFD0346002BCF
:1011500002D17B68002B01D1012300E00023002B8A
:1011600002D104F029FBFEE704F0E6F93B6A9A6B32
:101170003B6ADB6B9A4202D33B68022B1DD13A6873
:10118000B968386A00F019FBF8613B6A5B6A002BAA
:101190000AD03B6A2433184601F0F4FA0346002BC8
:1011A00007D004F0B7F904E0FB69002B01D004F08C
:1011B000B1F904F0D3F901235CE07B68002B03D183
:1011C00004F0CCF9002355E07B6A002B06D107F12F
:1011D0001403184601F0A6FB01237B6204F0BEF95C
:1011E00000F02CFF04F0A8F93B6A93F844305BB29E
:1011F000B3F1FF3F03D13B6A002283F844203B6AEE
:1012000093F845305BB2B3F1FF3F03D13B6A002254
:1012100083F8452004F0A2F93A1D07F114031146A2
:10122000184601F095FB0346002B1DD1386A00F0EB
:10123000BCFB0346002B11D03B6A10337A68114681
:10124000184601F045FA386A00F047FB00F03CFF11
:101250000346002B88D104F05DF985E7386A00F079
:101260003CFB00F031FF7FE7386A00F036FB00F00E
:101270002BFF002318462837BD4680BD80B588B0B7
:1012800000AF786039607B68BB61BB69002B02D11D
:1012900004F092FAFEE7BB691B6C002B02D004F04D
:1012A0008BFAFEE7BB691B68002B03D1BB699B6807
:1012B000002B01D1012300E00023002B02D104F018
:1012C0007BFAFEE704F078FA7861BB699B6B3B61BF
:1012D000BB69DB6B3A699A4238D2BB6993F84530F7
:1012E000FB733B695A1CBB699A6397F90F30B3F1E2
:1012F000FF3F12D1BB695B6A002B24D0BB6924334A
:10130000184601F03FFA0346002B1CD03B68002B27
:1013100019D03B6801221A6015E000F0D1FFB860D7
:1013200097F90F30BA689A420DD997F90F307F2B91
:1013300002D104F041FAFEE7FB7B0133DBB25AB283
:10134000BB6983F845200123FB6101E00023FB61B9
:10135000786904F03EFAFB6918462037BD4680BD27
:1013600080B58AB000AFF860B9607A6000237B6214
:10137000FB683B623B6A002B02D104F01DFAFEE7DA
:10138000BB68002B03D13B6A1B6C002B01D10123EE
:1013900000E00023002B02D104F00EFAFEE701F07A
:1013A00063FC0346002B02D17B68002B01D1012393
:1013B00000E00023002B02D104F0FEF9FEE704F068
:1013C000BBF83B6A9B6BFB61FB69002B19D0B968CA
:1013D000386A00F05CFAFB695A1E3B6A9A633B6A02
:1013E0001B69002B09D03B6A1033184601F0CAF97B
:1013F0000346002B01D004F08DF804F0AFF8012370
:1014000063E07B68002B03D104F0A8F800235CE0C4
:101410007B6A002B06D107F11403184601F082FA0B
:1014200001237B6204F09AF800F008FE04F084F8CF
:101430003B6A93F844305BB2B3F1FF3F03D13B6AA0
:10144000002283F844203B6A93F845305BB2B3F145
:10145000FF3F03D13B6A002283F8452004F07EF869
:101460003A1D07F114031146184601F071FA0346BC
:10147000002B1DD1386A00F082FA0346002B11D0F0
:101480003B6A24337A681146184601F021F9386A1C
:1014900000F023FA00F018FE0346002B8FD104F071
:1014A00039F88CE7386A00F018FA00F00DFE86E78C
:1014B000386A00F012FA00F007FE386A00F05FFAAE
:1014C0000346002B3FF47BAF002318462837BD4668
:1014D00080BD80B58AB000AF7860396000237B6240
:1014E0007B68FB6100233B62FB69002B02D104F0A7
:1014F00063F9FEE7FB691B6C002B02D004F05CF97A
:10150000FEE701F0B1FB0346002B02D13B68002B44
:1015100001D1012300E00023002B02D104F04CF99B
:10152000FEE704F009F8FB699B6BBB61BB69002B0C
:101530001ED0BB695A1EFB699A63FB691B68002BAE
:1015400004D101F05FFD0246FB699A60FB691B69EB
:10155000002B09D0FB691033184601F013F903463C
:10156000002B01D003F0D6FF03F0F8FF012383E046
:101570003B68002B03D103F0F1FF00237CE07B6A82
:10158000002B06D107F10C03184601F0CBF901231B
:101590007B6203F0E3FF00F051FD03F0CDFFFB6938
:1015A00093F844305BB2B3F1FF3F03D1FB690022F3
:1015B00083F84420FB6993F845305BB2B3F1FF3FF9
:1015C00003D1FB69002283F8452003F0C7FF3A46A8
:1015D00007F10C031146184601F0BAF90346002B37
:1015E0002CD1F86900F0CBF90346002B20D0FB6921
:1015F0001B68002B09D103F09FFFFB699B6818460D
:1016000001F050FB386203F0A9FFFB6924333A680C
:101610001146184601F05CF8F86900F05EF900F038
:1016200053FD0346002B7FF47CAF03F073FF78E794
:10163000F86900F052F900F047FD72E7F86900F030
:101640004CF900F041FDF86900F099F90346002BD0
:101650003FF467AF3B6A002B0DD003F06DFFF869D4
:1016600000F093F87861FB699B687969184601F08E
:101670002FFC03F073FF002318462837BD4680BDBA
:1016800080B58AB000AFF860B9607A60FB683B62F1
:101690003B6A002B02D104F08FF8FEE7BB68002BF9
:1016A00003D13B6A1B6C002B01D1012300E0002316
:1016B000002B02D104F080F8FEE704F07DF8F86119
:1016C0003B6A9B6BBB61BB69002B3CD03B6A93F8C8
:1016D0004430FB75B968386A00F0D9F8BB695A1E06
:1016E0003B6A9A6397F91730B3F1FF3F12D13B6A17
:1016F0001B69002B24D03B6A1033184601F042F8D6
:101700000346002B1CD07B68002B19D07B6801227C
:101710001A6015E000F0D4FD386197F917303A6986
:101720009A420DD997F917307F2B02D104F044F873
:10173000FEE7FB7D0133DBB25AB23B6A83F84420FB
:1017400001237B6201E000237B62F86904F041F829
:101750007B6A18462837BD4680BD80B584B000AF8F
:1017600078607B68FB60FB68002B02D104F024F8F2
:10177000FEE7FB6893F84630002B02D1F86802F0D0
:1017800001F800BF1037BD4680BD80B485B000AF02
:1017900078607B685B6A002B06D07B681B6B1B68DC
:1017A000C3F10A03FB6001E00023FB60FB681846FD
:1017B0001437BD465DF8047B704780B586B000AF36
:1017C000F860B9607A6000237B61FB689B6B3B61CA
:1017D000FB681B6C002B0DD1FB681B68002B4DD1E7
:1017E000FB689B68184601F0EDFA7861FB680022FF
:1017F0009A6043E07B68002B19D1FB685868FB684E
:101800001B6C1A46B96809F0DFFFFB685A68FB6871
:101810001B6C1A44FB685A60FB685A68FB689B683B
:101820009A422BD3FB681A68FB685A6026E0FB6873
:10183000D868FB681B6C1A46B96809F0C5FFFB68DD
:10184000DA68FB681B6C5B421A44FB68DA60FB6871
:10185000DA68FB681B689A4207D2FB689A68FB68E3
:101860001B6C5B421A44FB68DA607B68022B05D173
:101870003B69002B02D03B69013B3B613B695A1C31
:10188000FB689A637B6918461837BD4680BD80B5F2
:1018900082B000AF786039607B681B6C002B18D079
:1018A0007B68DA687B681B6C1A447B68DA607B684B
:1018B000DA687B689B689A4203D37B681A687B6806
:1018C000DA607B68D9687B681B6C1A46386809F057
:1018D0007BFF00BF0837BD4680BD80B584B000AF38
:1018E000786003F029FE7B6893F84530FB7311E0C4
:1018F0007B685B6A002B12D07B682433184600F0AB
:1019000041FF0346002B01D001F078F8FB7B013B3F
:10191000DBB2FB7397F90F30002BE9DC00E000BF6E
:101920007B68FF2283F8452003F018FE03F004FED5
:101930007B6893F84430BB7311E07B681B69002B14
:1019400012D07B681033184600F01CFF0346002BB2
:1019500001D001F053F8BB7B013BDBB2BB7397F9BD
:101960000E30002BE9DC00E000BF7B68FF2283F82B
:10197000442003F0F3FD00BF1037BD4680BD80B5A5
:1019800084B000AF786003F0D7FD7B689B6B002BC1
:1019900002D10123FB6001E00023FB6003F0DEFDC8
:1019A000FB6818461037BD4680BD80B584B000AFD7
:1019B000786003F0C1FD7B689A6B7B68DB6B9A42B1
:1019C00002D10123FB6001E00023FB6003F0C6FDB0
:1019D000FB6818461037BD4680BD80B586B000AFA5
:1019E000F860B9607A60FB687B6103F0A5FD7B69F4
:1019F00093F844305BB2B3F1FF3F03D17B6900221F
:101A000083F844207B6993F845305BB2B3F1FF3F24
:101A100003D17B69002283F8452003F09FFD7B6999
:101A20009B6B002B06D17B6924337A68B968184612
:101A300000F06AFE7869FFF750FF00BF1837BD4617
:101A400080BD80B58CB004AFF860B9607A603B604F
:101A5000FB6A002B02D103F0AFFEFEE73B6B002BCD
:101A600002D103F0A9FEFEE7C4237B617B69C42B8E
:101A700002D003F0A1FEFEE77B693B6B002B23D075
:101A8000FB6A002B20D03B6BFB61C4220021F8696C
:101A900009F0A7FEFB69FA6A1A63FB69022283F860
:101AA000C12000230393FB69029307F118030193FC
:101AB000BB6A00933B687A68B968F86800F056F82A
:101AC000F86900F0EDF801E00023BB61BB6918463E
:101AD0002037BD4680BD80B58CB004AFF860B960DA
:101AE0003B601346FB80FB889B00184601F0A0FD7D
:101AF00078617B69002B13D0C42001F099FDF86157
:101B0000FB69002B08D0C4220021F86909F069FEA6
:101B1000FB697A691A6305E0786901F033FE01E038
:101B20000023FB61FB69002B17D0FB69002283F8BF
:101B3000C120FA8800230393FB690293FB6A019397
:101B4000BB6A00933B68B968F86800F00FF8F86961
:101B500000F0A6F80123BB6102E04FF0FF33BB6148
:101B6000BB6918462037BD4680BD000080B586B0F1
:101B700000AFF860B9607A603B60BB6A186B7B6845
:101B80009B001A46A52109F02CFEBB6A1A6B7B68E4
:101B900003F18043013B9B0013443B613B6923F00D
:101BA00007033B613B6903F00703002B02D003F0FE
:101BB00003FEFEE7BB6A3A691A64BB68002B1ED0BD
:101BC00000237B6112E0BA687B6913441978BA6A12
:101BD0007B69134434330A461A70BA687B6913442C
:101BE0001B78002B06D07B6901337B617B690B2B53
:101BF000E9D900E000BFBB6A002283F83F203B6ABE
:101C0000092B02D903F0D8FDFEE73B6A092B01D965
:101C100009233B62BB6A3A6ADA62BB6A3A6ADA64EF
:101C2000BB6A04331846FFF7A2F8BB6A183318469C
:101C3000FFF79DF8BB6ABA6A1A613B6AC3F10A02F0
:101C4000BB6A9A61BB6ABA6A5A62BB6A5C33602239
:101C50000021184609F0C5FDBB6A0E4A1A66BB6A28
:101C60000D4A5A66BB6A0D4A9A66BB6A196B3B6895
:101C7000FA68386903F0BEFC0246BB6A1A607B6AE8
:101C8000002B02D07B6ABA6A1A6000BF1837BD46C3
:101C900080BD00BFF4C1000014C20000D4C1000028
:101CA00080B584B000AF786003F046FC3E4B1B6803
:101CB00001333D4A13603D4B1B68002B09D13B4A61
:101CC0007B681360384B1B68012B10D100F002FFBA
:101CD0000DE0374B1B68002B09D1344B1B68DA6AC7
:101CE0007B68DB6A9A4202D8304A7B681360314BCA
:101CF0001B6801332F4A13602E4B1A687B685A64A5
:101D00007B68DA6A2C4B1B689A4203D97B68DB6AD2
:101D1000294A13607B68DA6A284913469B001344FA
:101D20009B000B4404331B68FB607B68FA689A6075
:101D3000FB689A687B68DA60FB689B687A680432A3
:101D40005A607B681A1DFB689A607B68DA6A1346E2
:101D50009B0013449B00194A1A447B685A617B68B4
:101D6000DA6A164913469B0013449B000B441B6818
:101D7000591C124813469B0013449B0003441960EE
:101D800003F0ECFB0A4B1B68002B08D0074B1B68C9
:101D9000DA6A7B68DB6A9A4201D203F0BBFB00BFC0
:101DA0001037BD4680BD00BFE00A0020A409002016
:101DB000EC0A0020FC0A0020E80A0020A809002004
:101DC00080B584B000AF786003F0B6FB7B68002B71
:101DD00002D1284B1B6800E07B68FB60FB68043382
:101DE0001846FFF72EF8FB689B6A002B04D0FB68AF
:101DF00018331846FFF725F81F4B1B6801331E4A9E
:101E000013601C4B1B68FA689A420BD1FB680433C1
:101E100019461A48FEF7B8FF194B1B680133184AD8
:101E2000136006E0174B1B68013B164A136000F075
:101E3000EFFE03F093FB0F4B1B68FA689A4202D047
:101E4000F86800F0B5FE104B1B68002B0DD0094B55
:101E50001B68FA689A4208D10C4B1B68002B02D011
:101E600003F0AAFCFEE703F055FB00BF1037BD46A8
:101E700080BD00BFA4090020FC0A0020B40A002095
:101E8000C80A0020E00A0020EC0A0020080B00200D
:101E900080B584B000AF786003F04EFB7B68002B08
:101EA00002D12F4B1B6800E07B68BB60BB6804332A
:101EB0001846FEF7C6FFBB689B6A002B04D0BB68C0
:101EC00018331846FEF7BDFFBB6804331946254892
:101ED000FEF75AFF0023FB6010E0BA68FB6813446A
:101EE000C0331B78DBB2012B05D1BA68FB68134401
:101EF000C03300221A70FB680133FB60FB68002BC3
:101F0000EBDD03F02BFB184B1B68002B05D003F017
:101F100013FB00F07DFE03F021FB114B1B68BA6838
:101F20009A4219D1104B1B68002B09D00F4B1B682C
:101F3000002B02D003F040FCFEE703F0EBFA0BE0CD
:101F4000084B1A680A4B1B689A4203D1044B0022C3
:101F50001A6001E000F03AFB00BF1037BD4680BDBB
:101F6000A4090020CC0A0020EC0A0020080B002065
:101F7000E00A002080B588B004AF0023BB600023D6
:101F80007B603A46391D07F10803184601F000FE50
:101F900039687B68BA68029201930023009300239A
:101FA0000A461D491D48FFF74CFD03461C4A1360B5
:101FB0001B4B1B68002B02D00123FB6001E00023B8
:101FC000FB60FB68012B02D101F09EF8F860FB6812
:101FD000012B13D103F0F0FB124B1B685C33124A48
:101FE0001360124B4FF0FF321A60114B01221A603E
:101FF000104B00221A6003F087FB06E0FB68B3F188
:10200000FF3F02D103F0D8FBFEE70B4B1B6800BF7C
:102010001037BD4680BD00BFECB80000152A000097
:10202000040B0020A409002060070020000B002002
:10203000EC0A0020E40A0020AC05002080B400AFC8
:10204000044B1B680133034A136000BFBD465DF8B3
:10205000047B7047080B002080B483B000AF0023DE
:102060003B60144B1B68002B01D001233B60124BDB
:102070001B68DB6A002B02D000237B6012E00F4B51
:102080001B68012B02D900237B600BE03B68002B0F
:1020900002D000237B6005E0094B1A68094B1B68DE
:1020A000D31A7B607B6818460C37BD465DF8047B0D
:1020B000704700BFE80A0020A4090020A8090020FA
:1020C000000B0020E40A002080B586B000AF00239A
:1020D0007B6100233B616A4B1B68002B02D103F03C
:1020E0006BFBFEE703F028FA654B1B68013B644A73
:1020F0001360634B1B68002B40F0BB80614B1B6877
:10210000002B00F0B6808BE05F4BDB68DB687B6107
:102110007B699B6ABB607B69DB697A69126A9A603A
:102120007B691B6A7A69D2695A60BB685A687B69A5
:1021300018339A4203D17B691A6ABB685A607B697B
:1021400000229A62BB681B685A1EBB681A607B69D2
:102150005B697B607B699B687A69D2689A607B69FE
:10216000DB687A6992685A607B685A687B690433D5
:102170009A4203D17B69DA687B685A607B690022E6
:102180005A617B681B685A1E7B681A607B69DA6A31
:102190003E4B1B689A4203D97B69DB6A3B4A13605A
:1021A0007B69DA6A3A4913469B0013449B000B444F
:1021B00004331B683B607B693A689A603B689A68A5
:1021C0007B69DA603B689B687A6904325A607B6994
:1021D0001A1D3B689A607B69DA6A13469B001344B8
:1021E0009B002B4A1A447B695A617B69DA6A284949
:1021F00013469B0013449B000B441B68591C244846
:1022000013469B0013449B00034419607B69DA6A00
:10221000204B1B68DB6A9A4202D31F4B01221A60D3
:10222000194B1B68002B7FF46FAF7B69002B01D02B
:1022300000F0EEFC194B1B68FB60FB68002B10D014
:1022400000F08CF80346002B02D0134B01221A60D9
:10225000FB68013BFB60FB68002BF1D10F4B0022B8
:102260001A600D4B1B68002B03D001233B6103F068
:1022700051F903F073F93B6918461837BD4680BD24
:10228000080B0020E00A0020A00A0020E80A002035
:10229000A8090020A4090020F40A0020F00A002068
:1022A00080B483B000AF054B1B687B607B68184629
:1022B0000C37BD465DF8047B704700BFE40A002080
:1022C00080B400AF034B1B681846BD465DF8047B25
:1022D000704700BFE00A002080B582B000AF786090
:1022E0001A4B1A687B681A44194B1B689A4202D928
:1022F00003F062FAFEE7154B1A687B681A44144B28
:102300001B689A4218D1134B1B68002B02D103F0B3
:1023100053FAFEE77B68002B02D103F04DFAFEE78B
:1023200003F00AF90C4B1B6801330B4A136003F0EE
:1023300015F97B68013B7B60044B1A687B6813448A
:10234000024A136000BF0837BD4680BDE40A002082
:10235000000B0020080B0020F00A002080B588B098
:1023600000AF0023FB61734B1B68002B40F0D7804C
:10237000714B1B680133BB616F4ABB691360BB695A
:10238000002B18D16D4B1B681B68002B02D003F08B
:1023900013FAFEE7694B1B687B61694B1B68674A50
:1023A0001360674A7B691360664B1B680133654A9B
:1023B000136000F02DFC644B1B68BA699A42C0F0B0
:1023C000A7805E4B1B681B68002B04D15E4B4FF04F
:1023D000FF321A609CE0594B1B68DB68DB683B618D
:1023E0003B695B68FB60BA69FB689A4203D2564A54
:1023F000FB6813608CE03B695B69BB603B699B6871
:102400003A69D2689A603B69DB683A6992685A60B7
:10241000BB685A683B6904339A4203D13B69DA6866
:10242000BB685A603B6900225A61BB681B685A1E30
:10243000BB681A603B699B6A002B1ED03B699B6A94
:102440007B603B69DB693A69126A9A603B691B6A87
:102450003A69D2695A607B685A683B6918339A4274
:1024600003D13B691A6A7B685A603B6900229A6211
:102470007B681B685A1E7B681A603B69DA6A334BBB
:102480001B689A4203D93B69DB6A304A13603B6997
:10249000DA6A2F4913469B0013449B000B44043314
:1024A0001B683B603B693A689A603B689A683B6985
:1024B000DA603B689B683A6904325A603B691A1DCE
:1024C0003B689A603B69DA6A13469B0013449B00A1
:1024D0001F4A1A443B695A613B69DA6A1C49134630
:1024E0009B0013449B000B441B68591C184813465F
:1024F0009B0013449B00034419603B69DA6A154B47
:102500001B68DB6A9A427FF65CAF0123FB6158E7E8
:10251000114B1B68002B07D00123FB6104E00F4B1C
:102520001B6801330D4A1360FB6918462037BD460E
:1025300080BD00BF080B0020E40A0020980A00209C
:102540009C0A0020F80A0020000B0020E80A002066
:10255000A8090020A4090020F40A0020F00A0020A5
:1025600080B584B000AF786039607B68002B03D100
:10257000084B1B68FB6001E07B68FB6002F0DCFF3E
:10258000FB683A685A6502F0E9FF00BF1037BD46A4
:1025900080BD00BFA409002080B584B000AF786082
:1025A0007B68002B02D1084B1B6800E07B68FB6056
:1025B00002F0C2FFFB685B6DBB6002F0CFFFBB683F
:1025C00018461037BD4680BDA409002080B584B0F0
:1025D00000AF394B1B68002B03D0384B01221A6027
:1025E00065E0364B00221A60354B1B681B6BBB60E5
:1025F0004FF0A5337B60BB681B687A689A4211D1A3
:10260000BB6804331B687A689A420BD1BB680833F5
:102610001B687A689A4205D1BB680C331B687A68DC
:102620009A4208D0264B1A68254B1B68343319464A
:102630001046FEF70BF8234B1B68FB6008E0FB68B5
:10264000002B02D103F0B8F8FEE7FB68013BFB600A
:102650001D49FA6813469B0013449B000B441B68FA
:10266000002BECD0FA6813469B0013449B00164ADB
:1026700013443B603B685B685A683B685A603B6840
:102680005A683B6808339A4204D13B685B685A68D1
:102690003B685A603B685B68DB68094A1360094A1B
:1026A000FB681360064B1B685C33084A136000BF6D
:1026B0001037BD4680BD00BF080B0020F40A002083
:1026C000A4090020E80A0020A809002060070020D3
:1026D00080B582B000AF786039607B68002B02D192
:1026E00003F06AF8FEE7074B1B6818331946786851
:1026F000FEF76EFB0121386800F098FC00BF083738
:10270000BD4680BDA409002080B586B000AFF8604A
:10271000B9607A60FB68002B02D103F04DF8FEE748
:10272000FB685B687B61164B1B687A69DA61144B46
:102730001B687A6992681A62114B1A687B699B68F8
:1027400018325A600E4B1B6803F118027B699A60BD
:102750000B4B1B68FA689A62FB681B685A1CFB6883
:102760001A607B68002B02D04FF0FF33BB607968A2
:10277000B86800F05BFC00BF1837BD4680BD00BFE5
:10278000A409002080B588B000AF78607B68DB6862
:10279000DB68BB61BB69002B02D103F00DF8FEE7DB
:1027A000BB699B6A7B61BB69DB69BA69126A9A6023
:1027B000BB691B6ABA69D2695A607B695A68BB698E
:1027C00018339A4203D1BB691A6A7B695A60BB69A4
:1027D00000229A627B691B685A1E7B691A604B4B08
:1027E0001B68002B61D1BB695B69FB60BB699B689F
:1027F000BA69D2689A60BB69DB68BA6992685A6044
:10280000FB685A68BB6904339A4203D1BB69DA6832
:10281000FB685A60BB6900225A61FB681B685A1E3C
:10282000FB681A60BB69DA6A394B1B689A4203D9A4
:10283000BB69DB6A364A1360BB69DA6A35491346FD
:102840009B0013449B000B4404331B68BB60BB69B3
:10285000BA689A60BB689A68BB69DA60BB689B68B3
:10286000BA6904325A60BB691A1DBB689A60BB69B9
:10287000DA6A13469B0013449B00264A1A44BB693C
:102880005A61BB69DA6A234913469B0013449B00D3
:102890000B441B68591C1F4813469B0013449B00A4
:1028A0000344196000F0B4F91BE01B4B5B683B610B
:1028B000BB693A69DA613B699A68BB691A623B692C
:1028C0009B68BA6918325A60BB6903F118023B6908
:1028D0009A60BB69104A9A620F4B1B6801330E4A1B
:1028E0001360BB69DA6A0D4B1B68DB6A9A4205D933
:1028F0000123FB610A4B01221A6001E00023FB6106
:10290000FB6918462037BD4680BD00BF080B00207C
:10291000E80A0020A8090020A00A0020A40900203D
:10292000F40A002080B483B000AF7860064B1A68C8
:102930007B681A60054B1A687B685A6000BF0C37C9
:10294000BD465DF8047B7047F80A0020E40A0020C9
:1029500080B586B000AF786039607B68002B02D10B
:1029600002F02AFFFEE73B68002B02D102F024FFB1
:10297000FEE702F0E1FD1F4B1B683B617B685B6873
:102980003A69D31AFB603B681B68B3F1FF3F02D181
:1029900000237B6126E07B681A68174B1B689A420C
:1029A0000AD07B685B683A699A4205D301237B6150
:1029B0003B6800221A6015E03B681B68FA689A427F
:1029C0000BD23B681A68FB68D21A3B681A607868B9
:1029D000FFF7A8FF00237B6104E03B6800221A6038
:1029E00001237B6102F0BAFD7B6918461837BD46AA
:1029F00080BD00BFE40A0020F80A002080B400AFC8
:102A0000034B01221A6000BFBD465DF8047B70478E
:102A1000F40A002080B584B000AF786000F09AF826
:102A2000FFF71AFBF860FB68012BF7D9FFF706FBED
:102A30000A4B1A680A4B1B689A4202D202F0BCFE8B
:102A4000FEE7FFF709FBF860FB68012B02D9F86885
:102A500001F0A2FFFFF738FBE0E700BF000B00200A
:102A6000E40A002080B483B000AF01233B6001235F
:102A7000FB71134B1B68002B02D00023FB7117E086
:102A8000104B1B68002B02D00023FB7110E00E4B93
:102A90001B68002B02D00023FB7109E00B4B1A6866
:102AA0000B4B19683B68CB1A9A4201D10223FB7188
:102AB000FB7918460C37BD465DF8047B704700BFB4
:102AC000A00A0020F40A0020F00A0020CC0A00200E
:102AD000E00A002080B582B000AF00237B600CE0EC
:102AE0007A6813469B0013449B00124A134418460D
:102AF000FEF71DF97B6801337B607B68092BEFD9FA
:102B00000D48FEF714F90D48FEF711F90C48FEF7D1
:102B10000EF90C48FEF70BF90B48FEF708F90B4BC2
:102B2000054A1A600A4B054A1A6000BF0837BD46BD
:102B300080BD00BFA8090020700A0020840A002080
:102B4000A00A0020B40A0020CC0A0020980A002025
:102B50009C0A002080B582B000AF19E002F0ECFCC6
:102B6000104BDB68DB687B607B6804331846FEF73C
:102B700068F90D4B1B68013B0B4A13600B4B1B683C
:102B8000013B0A4A136002F0E9FC786800F010F893
:102B9000064B1B68002BE1D100BF00BF0837BD46C4
:102BA00080BD00BFB40A0020E00A0020C80A00204F
:102BB00080B582B000AF7860144B1B685C33184658
:102BC00008F024FE7B6893F8C130002B08D17B68A5
:102BD0001B6B184600F0D6FD786800F0D3FD10E0BE
:102BE0007B6893F8C130012B03D1786800F0CAFDEF
:102BF00007E07B6893F8C130022B02D002F0DCFDC5
:102C0000FEE700BF0837BD4680BD00BFA409002015
:102C100080B400AF0A4B1B681B68002B04D1094B22
:102C20004FF0FF321A6005E0054B1B68DB681B683C
:102C3000044A136000BFBD465DF8047B704700BFC7
:102C4000980A0020000B002080B483B000AF054B31
:102C50001B687B607B6818460C37BD465DF8047BBB
:102C6000704700BFA409002080B483B000AF0B4BB5
:102C70001B68002B02D101237B6008E0084B1B6816
:102C8000002B02D102237B6001E000237B607B6884
:102C900018460C37BD465DF8047B7047EC0A0020EF
:102CA000080B002080B586B000AF78607B683B6180
:102CB00000237B617B68002B79D03B69DA6A3E4B4D
:102CC0001B68DB6A9A4269D23B699B69002B06DB71
:102CD000394B1B68DB6AC3F10A023B699A613B69A5
:102CE00059693B69DA6A13469B0013449B00334AD7
:102CF000134499424AD13B6904331846FEF7A1F8C0
:102D00002D4B1B68DA6A3B69DA623B69DA6A2C4B45
:102D10001B689A4203D93B69DB6A294A13603B6905
:102D2000DA6A264913469B0013449B000B44043384
:102D30001B68FB603B69FA689A60FB689A683B69AC
:102D4000DA60FB689B683A6904325A603B691A1D75
:102D5000FB689A603B69DA6A13469B0013449B0048
:102D6000164A1A443B695A613B69DA6A13491346A9
:102D70009B0013449B000B441B68591C0F481346CF
:102D80009B0013449B000344196004E00A4B1B683A
:102D9000DA6A3B69DA6201237B6108E03B69DA6C3D
:102DA000054B1B68DB6A9A4201D201237B617B6978
:102DB00018461837BD4680BDA4090020A809002088
:102DC000E80A002080B586B000AF78607B683B6180
:102DD00000237B617B68002B6ED03A4B1B683A69FD
:102DE0009A4202D002F0E8FCFEE73B691B6D002B23
:102DF00002D102F0E1FCFEE73B691B6D5A1E3B6904
:102E00001A653B69DA6A3B69DB6C9A4254D03B69CC
:102E10001B6D002B50D13B6904331846FEF711F8A7
:102E20003B69DA6C3B69DA623B69DB6AC3F10A022F
:102E30003B699A613B69DA6A234B1B689A4203D962
:102E40003B69DB6A204A13603B69DA6A1F49134613
:102E50009B0013449B000B4404331B68FB603B69DD
:102E6000FA689A60FB689A683B69DA60FB689B685D
:102E70003A6904325A603B691A1DFB689A603B69E3
:102E8000DA6A13469B0013449B00104A1A443B69BC
:102E90005A613B69DA6A0D4913469B0013449B0053
:102EA0000B441B68591C094813469B0013449B00A4
:102EB0000344196001237B617B6918461837BD46BE
:102EC00080BD00BFA4090020E80A0020A809002056
:102ED00080B588B000AF786039607B68BB61012342
:102EE0007B617B68002B00F08380BB691B6D002B2E
:102EF00002D102F061FCFEE7BB69DB6C3A689A42E2
:102F000002D93B68FB6102E0BB69DB6CFB61BB691A
:102F1000DB6AFA699A426BD0BB691B6D7A699A4287
:102F200066D1354B1B68BA699A4202D102F044FC63
:102F3000FEE7BB69DB6A3B61BB69FA69DA62BB69C0
:102F40009B69002B04DBFB69C3F10A02BB699A6130
:102F5000BB6959693A6913469B0013449B00274A91
:102F60001344994244D1BB6904331846FDF769FF05
:102F7000BB69DA6A224B1B689A4203D9BB69DB6AD8
:102F80001F4A1360BB69DA6A1C4913469B0013444D
:102F90009B000B4404331B68FB60BB69FA689A60B2
:102FA000FB689A68BB69DA60FB689B68BA6904329F
:102FB0005A60BB691A1DFB689A60BB69DA6A1346DE
:102FC0009B0013449B000D4A1A44BB695A61BB69BC
:102FD000DA6A0A4913469B0013449B000B441B68A2
:102FE000591C064813469B0013449B000344196078
:102FF00000BF2037BD4680BDA4090020A8090020DD
:10300000E80A002080B400AF074B1B68002B04D0F7
:10301000054B1B681A6D01321A65034B1B68184675
:10302000BD465DF8047B7047A409002080B586B0DA
:1030300000AF786039602E4B1B687B612D4B1B689D
:1030400004331846FDF7FDFE7B68B3F1FF3F24D142
:103050003B68002B21D0284B5B683B61254B1B68EC
:103060003A699A60234B1B683A699268DA60214B8F
:103070001A683B699B6804325A601E4B1B681A1D14
:103080003B699A601B4B1B681B4A5A611A4B1B68B1
:103090000133194A136000BF26E07A697B68134444
:1030A000FB60144B1B68FA685A60FA687B699A42A5
:1030B00009D2124B1A680F4B1B680433194610468D
:1030C000FDF786FE10E00E4B1A680A4B1B680433AE
:1030D00019461046FDF77CFE0A4B1B68FA689A42B7
:1030E00002D2084AFB68136000BF1837BD4680BD96
:1030F000E40A0020A4090020CC0A00209C0A002039
:10310000980A0020000B002080B588B004AF00238F
:10311000FB6000F059FA184B1B68002B20D00023ED
:10312000BB6000237B603A46391D07F1080318464F
:1031300000F048FD39687B68BA6802920193052364
:10314000009300230A460D490D48FEF77AFC03461A
:103150000C4A13600B4B1B68002B01D00123FB6052
:10316000FB68002B02D102F027FBFEE7FB68184644
:103170001037BD4680BD00BF3C0B0020F4B80000F6
:103180002D320000400B002080B584B000AFF86005
:10319000B9607A6008E0FB689B69BA681344BB6059
:1031A000FB681B6AF8689847FB689A69BB68D11886
:1031B000BB687A68F86800F0D5F80346002BEAD1BE
:1031C00000BF00BF1037BD4680BD000080B584B091
:1031D00000AF78603960144B1B68DB68DB68FB600C
:1031E000FB6804331846FDF72CFEFB6893F8283083
:1031F00003F00403002B05D03A687968F868FFF7FC
:10320000C3FF08E0FB6893F8283023F00103DAB22B
:10321000FB6883F82820FB681B6AF868984700BFA2
:103220001037BD4680BD00BF340B002080B584B090
:1032300000AF786007F10803184600F04FF8F86017
:10324000BB681946F86800F003F800F0CDF8F1E724
:1032500080B584B000AF78603960FEF7EFFE07F10B
:103260000803184600F05EF8F860BB68002B2AD10E
:103270003B68002B0AD17A68FB689A4206D8FEF7B1
:1032800023FFF9687868FFF7A1FF1EE03B68002B79
:1032900008D0104B1B681B68002B01D1012300E0F4
:1032A00000233B600C4B18687A68FB68D31A3A68B5
:1032B0001946FEF792FBFEF707FF0346002B04D1E9
:1032C00002F028F901E0FEF7FFFE00BF1037BD460F
:1032D00080BD00BF380B00203C0B002080B485B0BF
:1032E00000AF78600E4B1B681B68002B01D10122D8
:1032F00000E000227B681A607B681B68002B05D108
:10330000074B1B68DB681B68FB6001E00023FB6068
:10331000FB6818461437BD465DF8047B704700BF54
:10332000340B002080B584B000AF7860FEF7B8FFA2
:10333000F8600B4B1B68FA689A4205D200F01EF940
:103340007B6801221A6002E07B6800221A60044A4E
:10335000FB681360FB6818461037BD4680BD00BF90
:10336000948D002080B586B000AFF860B9607A60B7
:103370003B6000237B61FB68BA685A60FB68FA68AF
:103380001A61BA687B689A4212D87A683B68D21A86
:10339000FB689B699A4202D301237B611BE0104BBF
:1033A0001A68FB68043319461046FDF711FD12E058
:1033B0007A683B689A4206D2BA683B689A4202D35E
:1033C00001237B6107E0074B1A68FB680433194649
:1033D0001046FDF7FDFC7B6918461837BD4680BDD9
:1033E000380B0020340B002080B588B000AFB2E06D
:1033F0007B68002B10DA3B1D0433FB61FB69002B5B
:1034000002D102F0D9F9FEE7FB691B68FA6950683E
:10341000FA699268114698477B68002BC0F29A803F
:10342000FB68BB61BB695B69002B04D0BB690433DB
:103430001846FDF706FD3B461846FFF773FF786117
:103440007B68013B082B00F2868001A252F823F032
:103450007534000075340000DD340000F1340000E4
:103460002B3500007534000075340000DD34000099
:10347000F1340000BB6993F8283043F00103DAB25D
:10348000BB6983F82820BA68BB699B69D118BB68FF
:103490007A69B869FFF766FF0346002B5BD0BB690A
:1034A00093F8283003F00403002B09D0BA68BB69F5
:1034B0009B6913447A691946B869FFF765FE08E00D
:1034C000BB6993F8283023F00103DAB2BB6983F8B3
:1034D0002820BB691B6AB86998473CE0BB6993F830
:1034E000283023F00103DAB2BB6983F8282032E0E8
:1034F000BB6993F8283043F00103DAB2BB6983F863
:103500002820BA68BB699A61BB699B69002B02D10C
:1035100002F052F9FEE7BB699A697B69D1187B69B1
:103520007A69B869FFF71EFF15E0BB6993F8283088
:1035300003F00203002B03D1B86900F023F90AE07D
:10354000BB6993F8283023F00103DAB2BB6983F832
:10355000282000E000BF084B1B68391D00221846D8
:10356000FDF7FEFE0346002B7FF442AF00BF00BF15
:103570002037BD4680BD00BF3C0B002080B582B027
:1035800000AF09E00E4B1B68DB681B683B604FF027
:10359000FF313868FFF71AFE094B1B681B68002BC8
:1035A000F0D1074B1B687B60064B1B68044A136015
:1035B000044A7B68136000BF0837BD4680BD00BF6A
:1035C000340B0020380B002080B582B002AF01F030
:1035D000B3FF104B1B68002B16D10F48FDF7A7FB5C
:1035E0000E48FDF7A4FB0E4B0B4A1A600D4B0B4A1D
:1035F0001A60002300930C4B0C4A10211420FDF795
:10360000C1FC0346034A136001F0A8FF00BFBD469A
:1036100080BD00BF3C0B00200C0B0020200B0020C5
:10362000340B0020380B0020D88E0020988D00200D
:1036300080B588B000AF786000237B61FEF7FEFCA8
:103640004B4B1B68002B01D100F0E8F87B68002B86
:1036500012D008227B6803F00703D31A08333B61BA
:103660003B69DB437A689A4204D87A683B69134421
:103670007B6001E000237B607B68002B68DB7B685C
:10368000002B65D03B4B1B687A689A4260D83A4B56
:10369000BB61394B1B68FB6104E0FB69BB61FB69E3
:1036A0001B68FB61FB695B687A689A4203D9FB6916
:1036B0001B68002BF1D12E4B1B68FA699A4247D048
:1036C000BB691B68082213447B61FB691A68BB69EC
:1036D0001A60FB695A687B68D21A08235B009A4219
:1036E00017D9FA697B681344FB60FB6803F0070392
:1036F000002B02D002F060F8FEE7FB695A687B6895
:10370000D21AFB685A60FB697A685A60F86800F060
:10371000E1F8184B1A68FB695B68D31A154A136005
:10372000144B1A68154B1B689A4203D2114B1B6845
:10373000124A1360FB695B6843F00042FB695A6000
:10374000FB6900221A600E4B1B6801330C4A1360A0
:10375000FEF7BAFC7B6903F00703002B02D002F0EE
:103760002BF8FEE77B6918462037BD4680BD00BFB9
:103770004C8B0020508B0020448B0020548B002069
:10378000588B002080B584B000AF78607B68FB6008
:103790007B68002B39D008235B42FA681344FB6036
:1037A000FB68BB60BB685B68002B02DB02F004F8BF
:1037B000FEE7BB681B68002B02D001F0FDFFFEE7AF
:1037C000BB685B68DB0F03F00103DBB2002B1CD08E
:1037D000BB681B68002B18D1BB685B6823F00042F4
:1037E000BB685A60FEF72AFCBB685A68094B1B6825
:1037F0001344084A1360B86800F06CF8064B1B6865
:103800000133054A1360FEF75FFC00BF1037BD4669
:1038100080BD00BF508B00205C8B002080B485B041
:1038200000AF4FF40043BB60254BFB60FB6803F027
:103830000703002B0CD0FB680733FB60FB6823F009
:103840000703FB60BA68FB68D31A1D4A1344BB60C8
:10385000FB687B601B4A7B6813601A4B00225A602E
:103860007B68BA681344FB600822FB689B1AFB6004
:10387000FB6823F00703FB60FB68134A1360124BDD
:103880001B6800225A60104B1B6800221A607B687C
:103890003B603B68FA68D21A3B685A600A4B1A6868
:1038A0003B681A603B685B68084A13603B685B686A
:1038B000074A136000BF1437BD465DF8047B7047AC
:1038C000440B0020448B00204C8B0020548B0020A4
:1038D000508B002080B485B000AF7860284BFB602F
:1038E00002E0FB681B68FB60FB681B687A689A4211
:1038F000F7D8FB68BB60FB685B68BA6813447A68FA
:103900009A4208D1FB685A687B685B681A44FB6876
:103910005A60FB687B607B68BB607B685B68BA68E9
:103920001A44FB681B689A4218D1FB681A68154B49
:103930001B689A420DD07B685A68FB681B685B68FD
:103940001A447B685A60FB681B681A687B681A60B7
:1039500008E00C4B1A687B681A6003E0FB681A6881
:103960007B681A60FA687B689A4202D0FB687A68C2
:103970001A6000BF1437BD465DF8047B704700BF76
:10398000448B00204C8B002080B483B000AF786063
:103990007B687A6853607A68136000BF0C37BD4655
:1039A0005DF8047B704780B483B000AF78607B68BB
:1039B0001A687B689A420CBF01230023DBB21846C9
:1039C0000C37BD465DF8047B704780B584B000AF0E
:1039D000786000F053FEF8607B681B68BB60BB68D2
:1039E0001A687B681A60BB681B687A685A60F86856
:1039F00000F0E0FEBB6818461037BD4680BD80B4BD
:103A000083B000AF78607B681B6818460C37BD46F2
:103A10005DF8047B704780B483B000AF78607B684A
:103A20001B6818460C37BD465DF8047B704780B5AF
:103A300084B000AF7860396000F020FEF8607A68EA
:103A40003B681A607B685A683B685A607B685B68B1
:103A50003A681A607B683A685A60F86800F0AAFE13
:103A600000BF1037BD4680BD80B586B002AF78601C
:103A700039600023FB60032300937B680022002150
:103A80000120FDF77FFAF860FB68002B08D03B6847
:103A9000002B05D0002300220021F868FDF725FB4C
:103AA000FB68002B03D00449F86801F0C5FCFB68F3
:103AB00018461037BD4680BD04B90000B0B588B0C7
:103AC00000AF7860396000F031FE0346002B06D06D
:103AD000002200217868FDF7D3FDF8612FE000F0A7
:103AE00051FD78617B69B3F57A7F21D03B68184638
:103AF0004FF000017B691A464FF0000302FB01F50D
:103B000000FB03F42C44A0FB0223E1180B46C7E999
:103B10000223C7E90223D7E902014FF47A724FF07A
:103B20000003FCF7EDFA02460B461346BB6101E0C9
:103B30003B68BB61B9697868FDF7CBFCF861FB694C
:103B4000012B01D1002301E04FF0FF33184620374D
:103B5000BD46B0BD80B584B000AF786000F0E6FD32
:103B6000034683F00103DBB2002B06D000230022C2
:103B700000217868FDF7B9FA05E007F10C03194652
:103B80007868FDF77BFB00BF1037BD4680BD0000A5
:103B900080B485B000AFF860B9607A60FB68074A0E
:103BA0001A60BB68064A1A607B6880221A6000BFF0
:103BB0001437BD465DF8047B704700BF288F002096
:103BC000EC8F002080B485B000AFF860B9607A60F7
:103BD000FB68074A1A60BB68064A1A607B68802245
:103BE0001A6000BF1437BD465DF8047B704700BF04
:103BF000EC910020B092002080B485B000AF7860D6
:103C00000823FB600323BB600CE07A68FB68134069
:103C1000002B01D0BB6809E0BB68013BBB60FB68BF
:103C20005B10FB60FB68002BEFD1002318461437B4
:103C3000BD465DF8047B704780B483B000AF786008
:103C40007B6800221A607B6800225A607B684FF014
:103C5000FF329A607B680022DA6000BF0C37BD46F5
:103C60005DF8047B7047000090B58DB000AFF86040
:103C7000B9607A60FB687B62FB68002B6FD000F054
:103C8000FDFC3862384B1B78DBB283F00103DBB2FA
:103C9000002B2DD00023BB6209E0BB6ADB00334A56
:103CA00013441846FFF770FEBB6A0133BB62BB6A60
:103CB000032BF2DD2E4B00221A602E4B00221A60DD
:103CC0002D4B01221A602D4B00221A7007F11403AC
:103CD000184600F041FDE023BB61294B196807F14C
:103CE0001403284A284800F06FFC1F4B01221A7069
:103CF000386A00F05FFD7B68002B01D1234B7B60AD
:103D00007B689B68B3F1FF3F02D10323FB6202E0B3
:103D10007B689B68FB62FB6A032B01D900231FE0D1
:103D20007B6A1846FFF730FE7B6A7A6803F10C0461
:103D300013460FCB84E80F007B6AFA6A5A617B6AEC
:103D4000BA68DA617B6A9A697B6A1A627B6A0022C6
:103D50005A62FB6ADB00054A1A447B6A9A607B6AF6
:103D600018463437BD4690BD6D8B00208C8B0020EB
:103D7000608B0020688B0020648B00206C8B0020FF
:103D8000B0050020813E0000708B0020ECB90000DF
:103D900080B582B000AF00F071FC7860064B1B6804
:103DA0003B60054B00221A60786800F003FD3B6819
:103DB00018460837BD4680BD648B002080B584B0AE
:103DC00000AF786042E0294B1B681846FFF714FFEC
:103DD000F860FB68DB00264A13441846FFF7F5FD40
:103DE0000346BB60FB68DB00214A13441846FFF71B
:103DF000DAFD0346002B09D00122FB6802FA03F327
:103E0000DA431A4B1B681340184A1360BB6802223E
:103E10005A62BB681B6A174A1360BB689A69BB6821
:103E20001A62786800F0C6FCBB68DB69BA68D068C3
:103E3000BA6812691146984700F020FC7860BB68A8
:103E40005B6A022B02D1BB6800225A62074B1B68D7
:103E5000002B03D0084B1B68012BB4D0074B00226A
:103E60001A7000BF1037BD4680BD00BF608B0020B8
:103E70008C8B0020688B0020648B00206C8B0020D2
:103E800080B582B000AF00F0F9FB78607868FFF78A
:103E900095FF786800F08EFC00BF0837BD4680BDF6
:103EA00080B400AF034B1B681846BD465DF8047B29
:103EB000704700BF688B002080B584B000AF786089
:103EC00039607B68FB6000F0D9FBB860FB681A6A58
:103ED0003B681A43FB681A62B86800F06BFCF8682C
:103EE00000F004F800BF1037BD4680BD80B584B037
:103EF00000AF78607B68FB6000F0C0FBB860FB68D7
:103F00005B6A012B15D0FB6801225A62FB685B6972
:103F1000DB00154A1344FA6811461846FFF787FD7F
:103F2000FB685B6901229A40104B1B6813430F4AE0
:103F300013600F4B1B78DBB283F00103DBB2002B65
:103F40000BD00C4B1B68012B07D10B4B1B68184681
:103F500000F01AFC064B01221A70B86800F02AFC27
:103F600000BF1037BD4680BD8C8B0020608B0020C9
:103F70006C8B0020648B0020B005002080B584B0DD
:103F800000AF786000F07AFBF860104A7B6813603D
:103F90000F4B1B68002B12D07B68012B0FD10D4BF0
:103FA0001B78DBB283F00103DBB2002B07D00A4B96
:103FB0001B68184600F0E8FB064B01221A70F868EF
:103FC00000F0F8FB00BF1037BD4680BD648B0020B9
:103FD000608B00206C8B0020B005002080B483B083
:103FE00000AF78607B68054A07CA83E8070000BF16
:103FF0000C37BD465DF8047B704700BF5C8C002029
:1040000080B588B000AF2C4B1B7883F00103DBB286
:10401000002B4CD02948FFF7B7FC284B00229A60B0
:10402000264B0122C3F89420244B0122C3F8982088
:10403000224B0022C3F89C20204B002283F8A020B2
:104040001E4B002283F8A1201C4B002283F8A220E3
:1040500007F110031846FFF7EFFD4FF0FF33BB6188
:1040600007F110031A4616491648FFF7FDFD0346EF
:10407000124A93643B1D184600F05AFD0A23FB6068
:104080003B1D1A461049114800F064FD03460B4AD7
:10409000C2F89030094BD3F89030184600F0DCFDA0
:1040A0000346064AC2F89C30034B01221A7000BF37
:1040B0002037BD4680BD00BF588C0020B08B00204B
:1040C0002D420000BC8B00204D430000008C0020DE
:1040D00080B582B000AF00F0D1FA7860074BD3F81A
:1040E00090300021184600F0D9FE3860786800F062
:1040F00061FB3B6818460837BD4680BDB08B002089
:1041000080B584B000AF00F0B9FAB8600E4BD3F8B8
:1041100090300021184600F0C1FE78600A4BD3F8B9
:1041200098207B68D31AFB60074BD3F89C30FA6861
:104130009A4201D90023FB60B86800F03BFBFB68A2
:1041400018461037BD4680BDB08B002080B582B0C8
:1041500000AF78603960094BD3F890307968184621
:1041600000F0C8FD054A7B68C2F89430034A3B68FA
:10417000C2F8983000BF0837BD4680BDB08B002024
:1041800080B588B000AF03463960FB714FF0FF3354
:10419000FB61254B7B617869FFF731FC0346BB610E
:1041A00038E0BB693B61B869FFF735FC0346BB618A
:1041B0003B691B7DDBB2002B2CD0FB79002B19D087
:1041C0003B69DB683A689A4214D13B691B69002B52
:1041D00003D13B6900221A7506E03B69DA683B6946
:1041E0001B691A443B69DA603B699B693A69D26989
:1041F000104698473B691B7DDBB2002B0AD03B6918
:10420000DA683B68D31AFB60FA68FB699A4201D20C
:10421000FB68FB61BA697B699A42C2D1FB691846A7
:104220002037BD4680BD00BFB08B002080B58CB06C
:1042300000AF7860396000F021FAB861424BD3F8E2
:1042400090300121184600F029FE78613E4B012292
:1042500083F8A0203C4B002283F8A1203A4BD3F8EE
:104260009830BB627A69BB6AD31A7B62364B9B6813
:10427000BA6AD31A3B61344B9B687A69D31AFB60E4
:104280003A69FB689A4207D92F4B002283F8A02095
:10429000B86900F08FFA54E0B86900F08BFA002397
:1042A000FB620CE0BA6AFB6A1344BB627A6AFB6A7F
:1042B000D31A7B62B96A0120FFF762FFF8627A6A5B
:1042C000FB6A9A42EED200F0D9F9B8611E4B93F81E
:1042D000A130002B04D0B96A0020FFF751FFF8622B
:1042E000FB6AB3F1FF3F08D1174BD3F89C303B6218
:1042F000BA6A3B6A1344FB6111E0FA6A7B6AD31A1B
:104300003B62114BD3F89C303A6A9A4203D90E4B68
:10431000D3F89C303B62BA6A3B6A1344FB61F9698B
:10432000386AFFF713FF084B012283F8A220064BDF
:10433000002283F8A020044ABB6A9360B86900F0A9
:1043400039FA3037BD4680BDB08B002080B582B0D1
:1043500000AF7860044B9B6C1846FFF7C7FD00BFA9
:104360000837BD4680BD00BFB08B002080B586B049
:1043700000AFF860B9607A603B60FB687B61FB6806
:10438000002B01D1002324E0FFF73AFE3B68002B0D
:1043900001D1124B3B603B685A687B691A617B69AB
:1043A0007A689A607B69BA689A613B689A687B69A7
:1043B000DA617B6900221A757B6919460848FFF7A4
:1043C00036FB3B681B78002B02D0786900F00AF8B6
:1043D000FB6818461837BD4680BD00BF5C8C0020C6
:1043E000B08B002080B58AB000AF78607B683B62FC
:1043F00000F044F9F861002387F82730344B93F834
:10440000A230002B40D0324B93F8A03083F0010350
:10441000DBB2002B38D02E4BD3F890300121184658
:1044200000F03CFDB8612A4B9B68BA69D31A7B61E6
:10443000274BD3F89820264B9B68D31A3B617A69A7
:104440003B699A4220D8012387F827303B6A9A6853
:10445000BB691A443B6ADA603B6A01221A751C4B3D
:10446000D3F89830FB60FA68BB69D31ABB603B6A2B
:104470009B68BA689A4207D93B6A9A683B6ADB68CC
:1044800019461046FFF762FE97F8273083F00103C4
:10449000DBB2002B14D0FFF71BFEB8613B6A9A68B1
:1044A000BB691A443B6ADA603B6A01221A75084B01
:1044B00093F8A030002B03D0054B012283F8A120F4
:1044C000F86900F077F900BF2837BD4680BD00BF0E
:1044D000B08B002080B485B000AF78607B68FB6053
:1044E000FB6800221A7500BF1437BD465DF8047BD7
:1044F000704780B485B000AF786039607B68FB603E
:10450000FB683A689A6000BF1437BD465DF8047BCB
:10451000704790B585B000AF78607B68FB60FB6842
:104520001B7DDBB2002B06D0FB68DC68FFF7D0FDFB
:104530000346E31A01E0FB689B6818461437BD4642
:1045400090BD80B485B000AF78607B68FB60FB688D
:104550001B7DDBB218461437BD465DF8047B7047FF
:1045600080B483B000AF78607B68054A5A607B688E
:1045700000221A6000BF0C37BD465DF8047B70470F
:10458000006CDC0280B400AF0A231846BD465DF81B
:10459000047B704780B582B000AFFFF731FD00F0BB
:1045A0006DF87860074BD3F890300021184600F082
:1045B00075FC3860786800F0FDF83B6818460837ED
:1045C000BD4680BDB08B002080B588B000AFF860DC
:1045D000B9607A603B60FB68FB61FB68002B42D0EE
:1045E0003B68002B07D107F110033B6007F1100374
:1045F000184600F0B1F83B685B68DBB2FF2B02D1D4
:104600003B68C0225A601A4B1B68BA689A4206D0AF
:104610003B685B68E02B02D10023FB6023E0154977
:10462000BB68FA6941F82320FB697A685A603B68E5
:104630001A68FB699A60BA68FB691A60BB680E4920
:10464000184606F0FFF8BA683B685B68DBB21946AB
:10465000104606F013F93B681B7A002B03D0BB68A9
:10466000184606F021F9FB6818462037BD4680BD84
:10467000B0050020688C0020B146000080B582B0F3
:1046800000AF0A4B1B68DBB2002B04D100F054FFD3
:1046900000237B6005E02022EFF3118382F3118871
:1046A0007B607B6818460837BD4680BD04ED00E09E
:1046B00080B582B000AF0D4B1B68D3F8043DDBB270
:1046C0007B600B4A7B6852F823303B603B68002BD1
:1046D00007D03B685B683A6892681046984700F0DC
:1046E00019FF00BF0837BD4680BD00BFB4050020DC
:1046F000688C002080B582B000AF78607B68184677
:1047000006F0D2F800BF0837BD4680BD80B582B044
:1047100000AF06F069F878607B68002B0CBF0123BE
:104720000023DBB218460837BD4680BD80B483B095
:1047300000AF084B1B68DBB2002B02D10023FB71DA
:1047400001E00123FB71FB7918460C37BD465DF88B
:10475000047B704704ED00E080B483B000AF786064
:104760007B68002B09D07B6800221A607B684FF0C1
:10477000FF325A607B6801221A7200BF0C37BD46B7
:104780005DF8047B7047000080B483B000AF7860B0
:104790007B680F2B06DD7B68A3F11002044B1B68BE
:1047A000C3F8002F00BF0C37BD465DF8047B70478F
:1047B000B405002080B582B000AF7860074B1B685D
:1047C000DBB2002B02D100F0C9FE02E07B6883F36C
:1047D000118800BF0837BD4680BD00BF04ED00E072
:1047E00080B586B000AFF860B9607A60FB687B6125
:1047F000FFF744FF38617B69BA685A607B697A6861
:104800009A603869FFF7D6FF00BF1837BD4680BDF4
:1048100080B400AF30BF00BF00BFBD465DF8047B71
:104820007047000080B400AF054B1B68044A43F09A
:104830000503136000BFBD465DF8047B704700BFF1
:1048400010E000E080B400AF054B1B68044A23F081
:104850000103136000BFBD465DF8047B704700BFD5
:1048600010E000E080B58CB000AF05F0B5FFFEF7BA
:10487000F9F8034687F8273097F82730002B02D144
:1048800005F0AEFF71E005F095FE03F0C5FE38625D
:104890003B6A03F00403002B06D000E000BFFFF7E3
:1048A000B7FF00E000BF5EE03B6A03F00403002BAB
:1048B00059D1FFF725FCF861FA6913469B001344B0
:1048C0005B00BB612A4B1B687B617B694FF47A728A
:1048D00002FB03F33B61BA693B699A4204D2BB69AC
:1048E000FB62FB69BB6207E03B69FB623B69214AF3
:1048F000A2FB0323DB08BB620121012003F092FE2F
:104900000246FB6A93422ED9FFF79CFFBB6A183B15
:10491000BB62B96A1848FFF7ECFD1748FFF762FD64
:10492000FFF738FEF86000E000BF012004F048F80F
:1049300000E000BF1048FFF7CDFDFFF72BFEB86089
:10494000BA68FB68D21A13469B0013445B007B6075
:104950007B680A4AA2FB03239B097B607868FDF70A
:10496000BBFCFFF75FFF05F03BFF3037BD4680BD66
:10497000648D0020CDCCCCCCF0050020D34D62104E
:1049800080B500AFFDF75AFB00BF80BD80B500AF1A
:10499000FDF79AFB00BF80BD80B582B000AF7860A4
:1049A000044A7B68136003F04DFE00BF0837BD4624
:1049B00080BD00BF648D002080B483B000AF7860FC
:1049C0007B6803F00103002B02D00D4B01221A601B
:1049D0007B6803F00203002B03D0094B4FF4807275
:1049E0001A607B6803F00403002B03D0044B4FF4E0
:1049F00080321A6000BF0C37BD465DF8047B7047FB
:104A00000420094080B485B000AF78600023FB60CB
:104A10007B6803F00103002B04D0124B1B6803F0EA
:104A20000103FB607B6803F00203002B04D00D4BF5
:104A30001B6803F48073FB607B6803F00403002BA6
:104A400004D0084B1B6803F48033FB60FB68002B29
:104A500014BF01230023DBB218461437BD465DF8AE
:104A6000047B70470420094080B483B000AF7860B5
:104A70007B6803F00103002B05D0114B1B68104A23
:104A800043F0010313607B6803F00203002B05D0A1
:104A90000B4B1B680A4A43F4807313607B6803F076
:104AA0000403002B05D0064B1B68054A43F48033F2
:104AB000136000BF0C37BD465DF8047B704700BF34
:104AC0001420094080B483B000AF786039607B68FF
:104AD00003F00103002B02D00C4A3B6813607B6893
:104AE00003F00203002B02D0094A3B6813607B6885
:104AF00003F00403002B02D0064A3B68136000BF9A
:104B00000C37BD465DF8047B704700BF1820094094
:104B10001C2009402020094080B400AF034B1B68D3
:104B20001846BD465DF8047B704700BF3020094041
:104B300080B483B000AF78607B68054A07CA83E819
:104B4000070000BF0C37BD465DF8047B704700BF0F
:104B5000B805002080B58AB000AFF860B9607A600F
:104B6000FB687B62FB68002B65D0FFF787FD38622E
:104B7000334B1B7883F00103DBB2002B13D007F11A
:104B800014031846FFF7E8FD8023BB6107F1140307
:104B90002C4A14212C48FFF717FD2C4AFB681360A0
:104BA000274B01221A70386AFFF704FE7B68002B3E
:104BB00001D1274B7B607B681A787B6A1A707B680F
:104BC0005A687B6A9A607B6ABA68DA607B689B681D
:104BD0001A464FF000034FF000004FF000011100A3
:104BE00000201C4A4FF00003FBF78AFA02460B46EE
:104BF0007B6A5A607B6A5B681A464FF00003796AE9
:104C0000C1E90423796A4FF000024FF00003C1E9C3
:104C100006237B6A5B681A464FF00003796AC1E994
:104C200008237B6A5B681A464FF00003796AC1E982
:104C30000A2300F09FF8FB6818462837BD4680BD60
:104C4000708D00201D4E0000788D0020748D002096
:104C5000B805002040420F0080B586B000AF7860F4
:104C60007B683B613B69D3E904234FF0000047F6C2
:104C70009061FBF745FA02460B46C7E90223D7E9E4
:104C80000223012B08BF002A03D34FF0FF337B61BF
:104C900001E0BB687B617B6918461837BD4680BD63
:104CA00080B586B000AFF860B9601346FB71FFF7BE
:104CB00033FF7861BA687B69D31AB3F1004F03D927
:104CC0007B690433BB600DE07A69BB68D31A043397
:104CD000002B07DB7B690433BA689A4202D27B69F6
:104CE0000433BB60B9680120FFF7ECFE00BF183742
:104CF000BD4680BD2DE9F04389B000AF78603960D2
:104D00007B68FB610023FB76FB69D3E906453B68C2
:104D100018464FF00001FB69D3E9042302FB01FCB4
:104D200000FB03F66644A0FB0223F1180B4614EBCC
:104D3000020845EB0309C7E90489D7E904014FF0EC
:104D400000024FF00003020C42EA01420B0C134632
:104D5000FB60FB7E1A46F968F869FFF7A1FFF96965
:104D6000D7E90423C1E9082300BF2437BD46BDE8C5
:104D7000F083000080B582B000AF084B1B687B60F9
:104D80007B68002B06D07B681B78002B02D17868EB
:104D900000F006F800BF0837BD4680BD748D0020C6
:104DA00080B586B000AF78607B683B61FFF766FC3A
:104DB000F8603B695B68B3F5802F02D204237B6106
:104DC00003E03B695B681B0C7B61FFF7A5FE0246B5
:104DD0007B6913447B610120FFF7EEFD79690120B7
:104DE000FFF770FE2321002005F0CEFC0120FFF725
:104DF0003BFEF868FFF7DEFC00BF1837BD4680BDFC
:104E000080B582B000AF786005F0D6FC02460B4654
:104E1000104619460837BD4680BD000080B584B0F5
:104E200000AF78601B4B1B68FB601B4B1B68002BA3
:104E30000CD00220FFF7E6FD0346002B06D002202F
:104E4000FFF7BAFD144B1B6801209847124B5B68B3
:104E5000002B0CD00420FFF7D5FD0346002B06D015
:104E60000420FFF7A9FD0C4B5B6802209847012046
:104E7000FFF7C8FD0346002B08D00120FFF79CFD7B
:104E8000FB68DB68FA6892681046984700BF1037E5
:104E9000BD4680BD748D0020688D002080B588B02F
:104EA00000AF78600B46FB707B68FB61F869FFF729
:104EB000A7FFC7E90401FB69D3E90423D7E904018B
:104EC000FBF71EF902460B46C7E90223FB78002BCD
:104ED00017D0FB69D3E90423F96802FB01F0B96834
:104EE00003FB01F10144B868A0FB022319440B46FF
:104EF000C7E90423C7E90423F969D7E90423C1E911
:104F00000623BB6818462037BD4680BDB0B58AB0C1
:104F100000AF324B7B61324B3B617B691B6843F4D2
:104F200070027B691A6005F09BFF4FF0200383F34A
:104F30001188BFF36F8FBFF34F8F3B60294C3D4605
:104F400004E023461C1D4FF0A5321A60AC42F8D392
:104F5000254B7B62254BFB6005E07B6A00221A60D3
:104F60007B6A04337B627A6AFB689A42F5D3204BF2
:104F70003B62204BFB61204BBB603A6AFB699A4263
:104F80000ED009E03B6A1A68FB691A603B6A043379
:104F90003B62FB690433FB61FA69BB689A42F1D357
:104FA000164A174BD31A9B107B600023BB6107E0A6
:104FB000134ABB6952F823309847BB690133BB6180
:104FC000BA697B689A42F3D30E4A3B691A60FBF7D1
:104FD000F5FA00BF2837BD46B0BD00BF88ED00E040
:104FE00008ED00E020A00020C807002020A000203D
:104FF00038C2000030040020C4070020ECB80000D4
:10500000ECB800000000000040F20000C0F2000018
:1050100000688546FFF77ABF00BF80B400AFFEE7A7
:1050200080B400AFFEE780B400AFFEE780B400AF0D
:10503000FEE780B400AFFEE780B400AF00BFBD461E
:105040005DF8047B704780B584B000AF78607B6802
:10505000002B07D07B68083BFB60FB681B68184689
:10506000FEF790FB00BF1037BD4680BD80B582B013
:1050700000AF786039603868FFF7E5FF00BF083798
:10508000BD4680BDB0B483B000AF78607B68064A8F
:105090001C4615460FCD0FC42B682360002318460D
:1050A0000C37BD46B0BC7047C405002080B483B047
:1050B00000AF786039603B68002B04D03B68012B5F
:1050C00001D0162303E07B683A681A610023184672
:1050D0000C37BD465DF8047B704780B485B000AFE7
:1050E000786039603B681B68FB60FB68092B02D85D
:1050F000FB68002B01D1162303E07B68FA681A6075
:10510000002318461437BD465DF8047B704780B411
:1051100083B000AF786039607B683A689A6000239A
:1051200018460C37BD465DF8047B704780B58CB0DF
:1051300002AFF860B9607A603B6000237B620023B5
:105140003B62BB68002B01D0BB6800E0474BFB61B2
:105150003420FEF76DFA78627B6A002B01D10C23B4
:105160007FE0FB691B69002B14BF01230023DAB227
:105170007B6A1A747B6A7A685A617B6A3A689A61B8
:105180007B6A0022DA607B6A00229A607B6A0022D6
:10519000DA617B6A00221A62FB691A687B6A5A60CC
:1051A0007B6A00229A627B6A00221A637B6A1A6B0E
:1051B0007B6ADA62FB691B69002B10D10322002194
:1051C0000120FBF725FF02467B6A9A607B6A9B6899
:1051D000002B04D1786AFEF7D5FA0C2341E0FDF7E5
:1051E00043FD0346012B14BF01230023FB76FB7E06
:1051F000002B01D0FCF722FF1D49FB699B689BB285
:105200009B089AB2FB691B6818467B6A0193009061
:105210007B6A1848FCF75FFC78617B69012B07D13A
:105220007B6A1B687A6A11461846FDF799F90FE008
:105230007B6A9B68002B04D07B6A9B681846FCF74E
:105240008CFA786AFEF79EFA00237B620C233B629D
:10525000FB687A6A1A60FB7E002B01D0FCF734FFF2
:105260003B6A18462837BD4680BD00BFC4050020F4
:1052700034B900008B53000080B584B000AF786073
:1052800000F034F8F860FB687A685A6207F10803A6
:105290001946012000F039F805E0FB689B6A0121FE
:1052A000184600F059F8FB689B6A002BF5D1F868A6
:1052B00000F07FF8FB681B7C83F00103DBB2002B5E
:1052C0000AD0FB689868002300220021FBF70DFF3D
:1052D0000020FCF7DDFD05E0F868FEF753FA00203A
:1052E000FCF76EFD00BF1037BD4680BD80B582B0B3
:1052F00000AFFDF7A9FC78607868FDF74DF93860DC
:105300003B6818460837BD4680BD80B584B000AF05
:1053100078603960FFF7EAFFF8607B68002B04D003
:105320007B68012B01D0162312E0FB68DA693B6829
:105330001A60FB687A68DA617B68002B07D1FB682A
:105340001B6A002B03D04FF0FF30FFF795FF0023BF
:1053500018461037BD4680BD80B584B000AF786078
:1053600039607B681B68FB607B681A69FB689A621E
:105370003B68002B05D07B685B687A6892681046B2
:10538000984700BF1037BD4680BD80B584B000AFE0
:1053900078607B68FB60FB685B69FA68926910461D
:1053A0009847B860B868FFF767FF00BF1037BD4681
:1053B00080BD80B586B000AF78607B687B61FCF70C
:1053C0003DFE2FE07B69DB6A3B613B691A687B69C4
:1053D000DA623B691B69FB60FB685B68002B04D0E9
:1053E000FB685B68FA6812681A60FB681B68002B30
:1053F00004D0FB681B68FA6852685A603B699B6876
:10540000BB60BB681B68002B09D03B69DB68002BC5
:1054100005D0BB681B683A69D26810469847F8689F
:10542000FEF7B0F97B69DB6A002BCBD1FCF74CFEB1
:1054300000BF1837BD4680BD80B483B000AF786030
:10544000396000BF0C37BD465DF8047B7047000033
:1054500080B400AF104B4BF680321A600E4B1B68C5
:105460006FF07F42B2FBF3F30C4A13600C4B5E22E9
:105470001A600C4B00221A600B4B00221A600B4B77
:105480004BF67F321A60074B07221A6000BFBD46F9
:105490005DF8047B704700BFB0940020B4940020F6
:1054A000B894002010E000E018E000E014E000E014
:1054B00080B582B000AF00237B60094B1B68B3F15D
:1054C000FF3F02D000F078F9FEE700F075F900BF69
:1054D0007B68002BFCD000BF00BF0837BD4680BDF5
:1054E000D805002080B400AF084B1B68074A43F47E
:1054F00070031360064B1B68054A43F0404313607A
:1055000000BFBD465DF8047B704700BF88ED00E03A
:1055100034EF00E080B400AF064B4FF080521A60C9
:10552000BFF34F8FBFF36F8F00BFBD465DF8047BA5
:10553000704700BF04ED00E080B500AF00F03CF91B
:10554000054B1B680133044A1360BFF34F8FBFF351
:105550006F8F00BF80BD00BFD805002080B500AFB1
:105560000A4B1B68002B02D100F026F9FEE7074B1F
:105570001B68013B054A1360044B1B68002B02D1DA
:10558000002000F026F900BF80BD00BFD805002034
:1055900080B582B000AF00F00FF97860FCF7DEFE56
:1055A0000346002B03D0054B4FF080521A607868F9
:1055B00000F00FF900BF0837BD4680BD04ED00E0E4
:1055C00080B584B000AF78607B689B69FB60FB6846
:1055D000023B1B78FB72FB7A022B04D1FFF782FFA0
:1055E00000F0B6F802E000F0E7F8FEE700BF103781
:1055F000BD4680BD80B485B000AFF860B9607A6008
:105600003B60FB68043BFB60FB684FF080721A60F4
:10561000FB68043BFB607A68FB681A60FB68043B2C
:10562000FB60384AFB681A60FB68043BFB60FB6860
:105630004FF012321A60FB68043BFB60FB684FF0CE
:1056400003321A60FB68043BFB60FB684FF00232D8
:105650001A60FB68043BFB60FB684FF001321A6084
:10566000FB68043BFB603A68FB681A60FB68043B1C
:10567000FB60FB684FF011321A60FB68043BFB6073
:10568000FB684FF010321A60FB68043BFB60FB685C
:105690004FF009321A60FB68043BFB60FB684FF077
:1056A00008321A60FB68043BFB60FB684FF007326E
:1056B0001A60FB68043BFB60FB684FF006321A601F
:1056C000FB68043BFB60FB684FF005321A60FB6827
:1056D000043BFB60FB684FF004321A60FB68043B3C
:1056E000FB60FB686FF002021A60FB68043BFB6022
:1056F000BA68FB681A60FB6818461437BD465DF847
:10570000047B7047B154000080B500AF0C4B1B68A0
:105710000B4A43F47F031360094B1B68084A43F0AC
:105720007F431360FFF794FE064B00221A6000F0DF
:105730002FF8FCF74BFFFFF7BBFE0023184680BD98
:1057400020ED00E0D805002000000000000000006F
:105750000B4A1168086806C881F30B88022181F39F
:105760001488203080F30988BFF36F8F4FF000005A
:1057700080F31188104700BFAFF30080AFF30080C3
:10578000A409002000BF00BF0000000000000000CE
:1057900007480068006880F3088862B661B6BFF306
:1057A0004F8FBFF36F8F02DF00BF00BFAFF30080EA
:1057B00008ED00E000BF00BFEFF311804FF02001C3
:1057C00081F31188BFF34F8FBFF36F8F704700BF16
:1057D000184680F31188BFF34F8FBFF36F8F704768
:1057E00000BF0000000000000000000000000000FA
:1057F000EFF309801EF0100F08BF20ED108AEFF3C1
:105800000B82734620E9FC0F114A116808604FF0C3
:10581000200080F31188BFF34F8FBFF36F8FFCF729
:10582000D5FE4FF0000080F31188094A116808681E
:10583000B0E8FC0F13F0100F08BFB0EC108A82F331
:105840000B8880F309881847AFF30080AFF300801E
:10585000A409002000BF00BF0000000000000000FD
:105860001EF0040F0CBFEFF30880EFF3098004492A
:10587000084700BFAFF30080AFF30080AFF30080B4
:10588000C155000000BF00BF2DE9B043A6B002AF74
:10589000786007F15403184602F036F9C149062032
:1058A00002F06AFCBF49072002F066FC00210620D6
:1058B00002F03CFD0021072002F038FD07F1300323
:1058C000184603F02DFC4FF4E133BB64002387F846
:1058D0003130002387F8303007F1300319460020BB
:1058E00003F06AFFF867FB6F002B04D1012106204B
:1058F00002F01CFDFEE72023009302235822AA4950
:10590000AA48FAF7A1FD0346002B08D00121072081
:1059100002F00CFD0121062002F008FDFEE7A44B79
:105920001E22DA73A24BA34A5A61A14A137B0221B9
:1059300061F3030313739E4A137B43F080031373D5
:105940009B4B00229A609A4B9B4A5A60984A537B21
:10595000022161F303035373974B944ADA61964A29
:10596000D37B43F00103D373934AD37B43F0020309
:10597000D373914B1E221A758F4A937B6FF34103A9
:1059800093738D4A937B6FF3820393738A4B8B4A95
:105990001A62894AD37D072161F30303D375864BCD
:1059A000874A9A6107F15403864A8749874802F07B
:1059B000B7F80346864A1360854B18684FF000021B
:1059C0004FF00003CDE9002300230022814901F0BC
:1059D000A5FF01F0E9F9C7F88C000F2002F0B6FB33
:1059E0000346002B0CBF0123002387F87B3097F878
:1059F0007B3083F00103DBB2002B00D015E10023E4
:105A00007B6107F1180300221A605A609A60DA601D
:105A10001A615A61704A07F1080307CA03C31A8062
:105A20000233120C1A7007F1080100230B22F86FE1
:105A300003F024FE07F1140100231C22F86F03F089
:105A4000A9FC07F114031846FAF7D4FC024607F143
:105A500014010023F86F03F011FE604B1B881B0A32
:105A60009BB2DAB2534B1A705C4B1B885A1C91B232
:105A70005A4A1180DAB24F4B5A7007F114031C22B4
:105A80001946574805F01EFFD7F88C3003F57413FC
:105A900003F51063C7F88C30454AD7F88C30936013
:105AA0004FF000024FF00453C7E920230DE0484BAC
:105AB00018684C4A4FF00003CDE900234A4B0022FE
:105AC0003B4902F00FF8C7E92001D7E920234FF046
:105AD00000004FF0005102EA000403EA010554EA15
:105AE00005030CD0D7E920234FF000004FF0807160
:105AF00002EA000803EA010958EA0903D7D1D7E905
:105B00002023B3F1804F08BF002A22D0D7E92023F9
:105B1000B3F1804F08BF012A1AD2D7E92023B3F18D
:105B2000005F08BF002A16D0D7E92023B3F1005F39
:105B300008BF012A0CD2D7E92023002B08BF022A74
:105B40000BD0D7E92023B3F1805F08BF002A06D02D
:105B5000FEE700BF04E000BF02E000BF00E000BFBE
:105B6000134B5B889BB27B677B6F43F606029342C5
:105B700052D87B6FB3F5605F38D27B6F43F205423A
:105B800093424AD07B6F43F20542934244D87B6FE5
:105B9000B3F5505F43D07B6F43F20442934240D051
:105BA0003AE000BF00C00020C495002028960020E5
:105BB000B00400203C960020C80400201C96002061
:105BC00080841E006804002030040020C09400205F
:105BD000C09500209804002038B900007C96002071
:105BE0003E96002003008000355C00007B6FA3F52B
:105BF0006053062B10D801A252F823F0275C000056
:105C0000195C0000195C0000275C0000275C0000A4
:105C1000195C0000275C0000FEE700BFDDE600BF66
:105C2000DBE600BFD9E600BFD7E618469037BD4691
:105C3000BDE8B0832DE9F04F8BB000AFF861C7E944
:105C400004230B467B83D7E904234FF001004FF078
:105C5000000102EA0006BE600B40FB60D7E90223A8
:105C6000134316D0D7E904234FF002004FF0000190
:105C700002EA00063E600B407B60D7E90023134335
:105C800007D1072002F03CFB0021062002F04EFB6A
:105C90007DE0D7E904234FF400004FF0000102EA51
:105CA000000A03EA010B5AEA0B033BD03A4B0122EC
:105CB0001A70FAF7A7FB0346384A1360374B1B6884
:105CC0001A7A374B1A70354B1B6808330133354A43
:105CD0001360344B1B68324A12780132194632483D
:105CE00005F072FD2E4B1B781A462F492F4805F000
:105CF0005DFD0346FB84B7F92630002B07D1072052
:105D000002F0FEFA0021062002F010FB07E001215C
:105D1000072002F00BFB0121062002F007FBFAF737
:105D20007DFB34E0D7E904234FF002004FF000017F
:105D300002EA000803EA010958EA09031ED0D7E97C
:105D400004234FF400004FF0000102EA000403EACC
:105D5000010554EA050311D10F4B1B78DBB2002B70
:105D600003D00D4B00221A7011E00021072002F031
:105D7000DDFA0121062002F0D9FA08E0012107200E
:105D800002F0D4FA0121062002F0D0FAFFE700BFAA
:105D90002C37BD46BDE8F08F7E960020309600205F
:105DA00034960020389600205C9600203C96002017
:105DB00070B50D461446B1FA81F1B2FA82F2490982
:105DC000520920B134B190F8443033B91A4601EA8F
:105DD000020070BD15B90122F9E7BDB195F8443054
:105DE000002BF4D02B6C466B9B082D69C3EB9603FC
:105DF0000669AE420CBF0025F5685B1B03F18053BA
:105E0000B3F1805FE3D90121002CE0D0E3681B7B74
:105E100003F00F03022BDAD1656B036C2469006970
:105E20009B08A0420CBF0020E068C3EB95031B1A3F
:105E300003F18053B3F1805F88BF0122C7E70020E0
:105E4000704700000A4B1A68936802F1380019463F
:105E50005B680BB18342FAD14B7B190706D140F640
:105E60000903508FC31A58425841704700207047A9
:105E7000209A00200A4605494B6833B189680842D8
:105E800003D0014602480068184770477CB90000FB
:105E9000209A0020704781B38B01090E202923F03E
:105EA000FF0319D0212919D0A02919D0D1B1102967
:105EB0001AD011291AD040291AD050290CBF80229B
:105EC0009022134343F00F03014650F8042BB2F124
:105ED000FF3F0FD10B6070471022F2E72022F0E75E
:105EE0003022EEE74022ECE75022EAE76022E8E7C2
:105EF0007022E6E79A42E7D1ECE7704791B38B0155
:105F0000090E202923F0FF021BD021291BD0A02934
:105F10001BD0E1B110291CD011291CD040291CD064
:105F200050290CBF80239023134343F00F030146F5
:105F300050F8042BB2F1FF3F11D14FF0FF330B604B
:105F400070471023F0E72023EEE73023ECE74023EF
:105F5000EAE75023E8E76023E6E77023E4E79A42A4
:105F6000E5D1EAE7704770B5044616461D46FEF7D0
:105F700085FB5CB1D4E90A2332432B43C4E90A23ED
:105F8000D4E9082332432B43C4E90823BDE8704019
:105F9000FEF710BC38B51446502340F2FF320546D8
:105FA00001F087FF24B103B255F823309B0A236028
:105FB00038BD70B51446002205460E46FFF7EAFFCD
:105FC000FF280CD0A2022B2E18BF42F40A7203B293
:105FD0000CBF42F02B0242F0030245F8232070BDB3
:105FE000F8B50446FEF74AFB164D064695F82430F0
:105FF00023EA04002C6885F8240024B104F1B800D9
:10600000FEF79FFA0446686820B1B830FEF799FAA7
:106010000443E4B295F824307BB974B92B6A63B1B8
:106020009A6A920709D530465F6AFEF7C3FB22469B
:106030000221286AB8472C62F8BD3046BDE8F84016
:10604000FEF7B8BB809600200720FFF7C9BF00000D
:106050000E4B70B5044605681E6804F0ADFB40F6B3
:10606000C412801B030BB5EB103F84BF5B195B08A8
:1060700023602368934201D9226070BDB3F5967FF7
:106080003CBF4FF496732360F7E700BFE89A002007
:1060900010B50446012938BF0121FEF72AFA20462F
:1060A000BDE81040FEF79EB970B5144E144835692E
:1060B00001F032FF134A136814680440184010F0CE
:1060C00020030AD04DB128460022B561FFF74BFFEF
:1060D0004FF480410C48FDF7EFFE14F460240CD01F
:1060E0000A4A002192F86130094843EA544482F890
:1060F0006140BDE87040FDF7DFBE70BDF099002043
:1061000020000E000C100440EC9A0020689A002039
:10611000289B0020064B70B55C68064B1D68FDF798
:10612000BFFE234601462846BDE87040184700BF21
:10613000109A0020209A0020064B1B78022B07D1D2
:10614000054B1A6922B95869B0FA80F040097047C6
:1061500000207047109A0020F09900202DE9F843A4
:106160001D46444B089E1C680388C4F34067A40185
:1061700067D5B3F5C15F16D043F60604A3421BD022
:1061800040F60204A3424FD100F112030B604369B1
:10619000136083692B60C369336090F80F80047CBF
:1061A00004F0070416E000F112030B60436913606A
:1061B000436A2B60836AEFE74FF0000800F11A038F
:1061C0000B60C3691360036A2B60436A3360047E0B
:1061D00004F00704286888B105234FF6FF7240F2E7
:1061E000037101F066FE042808D80FFA80F92146F1
:1061F00040462D6801F070FE45F82900306880B1F6
:1062000005234FF6FF7240F2037101F052FE04289D
:1062100007D804B2FF214046356801F05DFE45F81D
:1062200024003846BDE8F88300F11A030B60C36907
:106230001360836A2B60C36A336090F82480047E05
:10624000AEE7B3F5C15F07D043F60604A3420CD016
:1062500040F60204A34208D100F112030B60436927
:10626000136000232B603360DBE700F11A030B603F
:10627000C369F5E7940A00500023F0B50F468BB0D0
:10628000CDE90233CDE9043305AB00931446C1F3E5
:10629000150504AB03AA02A90646FFF75FFF002F0E
:1062A00054DBF77B029B00283ED00498002833D0B3
:1062B000059A002A30D01D802A4640F22B21FFF794
:1062C00078FE05990398FFF719FE15232380049B98
:1062D00063607B061ED00023CDE90633CDE9083389
:1062E00009AB009307AA08AB304606A9FFF736FFB3
:1062F0004FF6FE72069B1A80E0B10898D0B12A468C
:1063000040F22B21FFF755FE15232380089B636085
:10631000FF2806D0832005E04FF6FF7219889142CE
:1063200002D103200BB0F0BDAAB21A801023628004
:106330002380CEE707980028F3D02A4640F22B218D
:10634000FFF737FE142365602380E1E70028E8D0DB
:10635000049B93B1059880B14FF6FF72029B2B21ED
:106360001A802A46FFF725FE05990398FFF793FD4B
:1063700015232380059B6360CCE72A462B210398D5
:10638000FFF717FEFF28CCD04FF6FF72029B1A8052
:10639000142365602380BDE7002210B50146447ECA
:1063A000806886B00388CDE90222B3F5C15FCDE9EC
:1063B000042242802ED01ED840F60202934229D0F9
:1063C00000234B7605AB009303AA04AB02A9FFF7A9
:1063D000C5FE78B3029B1A884FF6FF739A4229D103
:1063E00005990398FFF757FD154B1B680BB10398F0
:1063F000984706B010BDA3F56053063B012BDFD8CC
:10640000437E62F382034376038B8CB162F30913FC
:106410000383D5E7437C6FF382034374038A1CB183
:106420006FF309130382CBE72D2262F30913F9E717
:106430002D22EBE705990398FFF760FDD4E700BF35
:10644000809B002008B50E4B19420DD0012004F0AE
:106450000FF8012809D10B4B0B4A5A6000220B4B55
:106460001A600B4A43F81C2C08BDFEF78BF8BDE8F8
:1064700008403221B1FBF0F10648FFF709BE00BF2A
:1064800004000020109A0020357400001C10044005
:10649000D09A0020EC96002008B54FF0FF3001F0B4
:1064A000BDFC830706D5BDE808404FF400610248F3
:1064B000FDF702BD08BD00BFEC9A0020042838B5E6
:1064C00004461AD10E48FEF73CF8B0B1FEF75AF870
:1064D00005460B48FEF71DF86843B0F5967F0CD2D1
:1064E0000748FDF7F7FF052002F0F2F90122054BFE
:1064F000214605485A73FDF7DFFC002038BD00BF78
:10650000EC960020109A0020EC9A0020F7B51D466A
:10651000FD232E68044632468DF80730FFF748FC0D
:1065200010B101238DF807309DF80730FD2B10D1F5
:10653000E3681B7B03F00F03022B0AD14EB13768CF
:1065400031463A462046FFF733FCB8B102238DF8B6
:1065500007309DF80730FD2B04D1E36B13B1042302
:106560008DF807309DF80730012B5FB208D1214626
:10657000284601F079FD384603B0F0BD3E46DDE720
:10658000022F06D0042FF6D12146284601F056FDF1
:10659000F1E73268002AF7D02146284601F036FD9F
:1065A000E9E700002DE9F74F07460D46904699466A
:1065B000204B1C68002C36D0AC42236837D12E46C5
:1065C0000024DFF870A00AF1080B31460B69366829
:1065D0009F4223D1084600224FF080530191FFF7DC
:1065E000C2FC0199B9F1000F0FD000224FF0807367
:1065F0000846FFF7B8FC104B2A6901991A6293F814
:10660000242042F0010283F824205046019101F039
:1066100041FD5846019901F011FD0134B8F1000F18
:1066200001D0002ED1D1204603B0BDE8F08F1C462A
:10663000C0E700BFF0990020809600200E4BF0B517
:106640004FF0580C00241E46B3F930701D468F429F
:1066500009D11F69B84206D15AB10CFB046797F8FB
:106660003370174205D10134082C03F15803EBD1E4
:1066700000252846F0BD00BF309700202DE9F843E3
:10668000D0F8A86004460D469146984606B1B0473A
:10669000D4E9282302EA090603EA080756EA0703B1
:1066A0001BD0802229462046FFF7C8FFC4E92C678B
:1066B00050B1D0E9082323EA070322EA0602C0E921
:1066C0000823D4F8A8308360002304F15000C4F8F4
:1066D000A830BDE8F843FDF73DBABDE8F8830000F7
:1066E00038B5154B1B685A68D568D2E90134D8B162
:1066F00004B9EDB10021114A1160114942F81C1C86
:106700000BB101F0D5FB04B9A5B10C4B1A68002AF6
:10671000FCD000221A6004B1A04705B1A847BDE82B
:106720003840084801F082BB002BECD09847EAE7DC
:10673000002BE6D138BD00BF209A00201C10044079
:1067400051000706010007068B002DE9F0410546C0
:1067500079D50020FFF7C4FF40F60A0800233B4C20
:106760003B493C4A3C4E284633601160A4F8008007
:106770006380227B63F30302227301226360637BE5
:1067800062F303036373FFF707FEAF6841463B46BE
:1067900098465B6833B11A888A4203D0A2F6030296
:1067A000012AF5D898F80D30C8F804406FF30303B8
:1067B00088F80D30294B1B6833B1DB681B88A3F6C2
:1067C00003039BB2012B15D92B8F9BB10022B5F887
:1067D000443005F1380123F4706323F00F0343F4D0
:1067E00080736160A5F84430637B6A8762F30303BA
:1067F000EA6363733368002BFCD00023184C3360CA
:10680000184B6360637B7BB102F0C2F90028FBD0B8
:1068100002F0D6F9002333600E4B39461F60012089
:10682000BDE8F041FFF726BB012003F021FE01285F
:10683000F0D0012298F80D3062F3030388F80D3090
:10684000094B6360E6E7BDE8F08100BFD09A002005
:1068500001010E04001004401C100440F0990020B7
:10686000109A002035740000456400002DE9F84FAF
:106870002DED028B05460C461E4692464FF0000851
:106880009DF830700ABB4FF00059FDF7F7FE621C0F
:1068900008EE100A27D1474A11691346C1B10969A8
:1068A0008D4215D1D2F810B0BBF1000F7FD09BF80C
:1068B00033301B061ED4042418EE100AFDF77AFFAD
:1068C000BDEC028B2046BDE8F88F4FF08049DCE735
:1068D0005A6912B11269954202D0D3F800B0E3E7C9
:1068E000D3F814B0E0E7002221462846FFF7A6FEC1
:1068F0008346D9E72F4C23695B4529D142464B4655
:106900002069FFF730FB4B4660694246FFF72BFBDF
:1069100029482A4BBAF1000F08BF184601F086FA41
:1069200047B300224FF080732069FFF71CFB002261
:106930004FF080736069FFF716FB214BDBF81020E6
:106940001A6293F8242042F0010283F8242011E017
:1069500063695B4517D14B4660694246FFF703FB0D
:106960001848194BBAF1000F08BF184601F05EFA3B
:10697000002FDCD12EB13B46012228462168FFF7CB
:1069800011FE832498E73B46324659462846FFF7D6
:1069900009FE00288FD00D4B1A78012AF1D01B7800
:1069A000042BEED00A490B48FDF786FAE9E70324E9
:1069B00082E700BFF09900200100020401000104F9
:1069C000809600200100022401000124109A00207A
:1069D00002000040EC9A002010B50446FDF74EFE80
:1069E00004490A7842EA04030B70BDE81040FDF741
:1069F000E1BE00BF619A00202DE9F843244C002538
:106A00002646DFF89890234FDFF89480A07A01287B
:106A10001FD194F90930113300FA03F3DA43C9F8AE
:106A200000203A6813433B6094F909309840C0B2A3
:106A3000FFF7D2FF98F80030022B1AD104F11000B2
:106A400001F0F4F9C0B2012813D1A06940B90223C2
:106A5000A3720135032D04F12004D7D1BDE8F883DA
:106A600098F80030022B04D101F0E0F9C0B20128FF
:106A7000EDD0112394F9091096F861208B4013434F
:106A8000DBB20021044886F86130FDF715FAE0E733
:106A9000689A00200C100440289B00200810044035
:106AA000109A002038B50546FDF7E8FD084B04466E
:106AB0001A7822EA050018701B781B0703D40821F6
:106AC0000448FDF7F9F92046BDE83840FDF772BEED
:106AD000619A0020EC9A0020054B9A8BDB8B12B256
:106AE0001BB29A4202D10820FFF7DCBF704700BFFB
:106AF000F09900202DE9F0414D4DAC68002C00F0DC
:106B000095800922E3689BB1013A12F0FF020FD091
:106B10001988A1F6030189B201296DD8226903F110
:106B20001801383253F8040B8B4242F8040BF9D1A8
:106B3000D4E90A0100230022C4E90A23A368D3B1DF
:106B4000002601F0E24756EA070357D020F00F0273
:106B500021F0E24352EA030105D0D4F80880B4F9E9
:106B600030102069C04732463B46D4F80880B4F95B
:106B700030102069C047FDF781FDEB8B06460133DD
:106B8000C3F30B03EB83002384F833304FF6FD731C
:106B90002848238601F026FA3046FDF70BFEEA8BE3
:106BA000AB8B12B21BB29A4240D1234BD3E90065A2
:106BB000224B1B682BB393F8FC30002B0CBF052035
:106BC0000720FFF70DFA06B396F8FC30DBB93468FE
:106BD000002386F8FC30E5B195F8FC30BBB9296894
:106BE000002385F8FC308C4238BF0C469CB9204607
:106BF000BDE8F041FFF770BF5B6884E706460F46CB
:106C0000B1E70520DDE70024E2E73446E3E70021B1
:106C1000E6E72946E7E7631C08D0FDF7B3FCB4FBC1
:106C2000F0F1BDE8F0410648FFF732BABDE8F08167
:106C3000F0990020F899002080960020209A0020EA
:106C4000A8960020F8B50446FDF718FDA37A05467E
:106C5000002B33D001231C4994F90920096803FA59
:106C600002F0CE07C0B20DD518490968090609D54A
:106C700011329340DA43164E316821EA0303336040
:106C8000144B1A60002300260027C4E90033A372C6
:106C90002372A3610123C4E904670F4A94F9091020
:106CA0008B4092F860100B4382F8603092F86230AB
:106CB00013B1013B82F86230FFF7F4FE2846BDE8CD
:106CC000F840FDF777BD00BF4021084000000440B8
:106CD0000C10044008100440689A00202DE9F0438D
:106CE0002E4C85B094F86130002B3FD0002594F8ED
:106CF00061302B41DB0749D594F86160FDF7BEFC9C
:106D0000112294F86130AA4023EA020384F861302A
:106D1000FDF750FD04EB4512937AF6B268012BB3F0
:106D2000102392F9091003FA05F51D4B35400B4469
:106D30004FEA8303D3F8009054F80080576808D1D5
:106D4000137A022B05D12B46166906F080521343A5
:106D500016D120440391FFF775FF039985B10023F5
:106D6000002200934FF000734046B84794F861301A
:106D700083B100210B4805B0BDE8F043FDF79CB896
:106D800000224FF00063CDF80090EDE70135032DB0
:106D9000ADD1EBE705B0BDE8F08300BF689A0020F5
:106DA000250C0110289B002010B5FDF767FC124A46
:106DB00003461178022902D01278042A06D10F4A1C
:106DC00018461468FDF7F6FC204610BDFDF7F2FCEE
:106DD00003F0F2FC0A4C10F50030A0FB042341F153
:106DE000000104FB013307490869002104468918A2
:106DF00043EB0404E8E700BF109A0020043004408D
:106E000000093D00D09A0020294B70B5054618684E
:106E1000002930D1002830D002B11060C668337B21
:106E200003F00F03022B3FD1026949B3938DD4685D
:106E30001C44466BFFF7B8FF04F57A72301AB2EBC8
:106E4000900F4FEA90032DD2B0F1404F2AD21B1B76
:106E5000012B38BF01232B60FDF794FB2B68B3FB9C
:106E6000F0F02860012070BDC3681B7B03F00F03A6
:106E7000022BD1D000680028F6D100202860F2E76C
:106E800031880C4BA1F6030193F8623089B20129D5
:106E9000548B03EB830394BF5269126903EB8303A2
:106EA0001344C5E70023D6E700232B60DAE700BFD1
:106EB000F0990020689A002000232DE9F043644DEA
:106EC00085B02E6802930393002E36D06B690BB900
:106ED0002B69D3B12C69CCB12B691A6933699A42F9
:106EE00040F0B48096F8334014F010040ED06B6973
:106EF000002B40F0AB802B69DB685B88002BFAD05D
:106F00002B69DB685B88012BF5D0012484F0010834
:106F1000414602AA03A8FFF777FF002800F08C8003
:106F2000002C40F088800399002900F085804948B2
:106F3000FFF7AEF805B0BDE8F08302214648FCF744
:106F4000BBFFF7E700287ED0039F002F7BD1029B79
:106F50002869CDE90083414B6969A3F10802C8475C
:106F600001280CD0022815D128692B693A46B3F9BB
:106F70003010012300930069FFF778FCDAE7029BE9
:106F80003A46002B18BF1E46B6F9301000903B461B
:106F90003069F1E7002CCDD02046314B32691B68B7
:106FA0009A4202D04FF48061C8E748B1039B3BB1DD
:106FB0002B692BB96B691BB90820FFF773FDB9E783
:106FC0000820FFF709FD96F833302148DB0626D567
:106FD00001F008F86861D6E90623D0432149F46836
:106FE0000860486802434A60D9431F4A082011607C
:106FF00051680B4353603146FEF73CFF204600F0DA
:1070000015FF2388B3F5C15F04D00CD840F6020207
:1070100093420DD121460120FEF72CFF08E000F03D
:10702000E1FF2861D7E7A3F56053063B012BF1D9B7
:107030004FF0804182E720460C4BD3F80490B9F121
:10704000000F7FF47FAF002CA7D173E700245DE72A
:10705000F0990020EC960020EC9A0020F89900208E
:10706000209A00201010044008100440DC05002085
:107070002DE9F04F384B85B000934FF48040043336
:10708000019300F0CBFEA8B10021344B344C1B68B7
:10709000206863F31501334B80681B7802AAC3F3A1
:1070A000800363F3DF71FFF7E7F823680120996835
:1070B000FEF7E0FE0027E8463D46DFF8B890DFF82F
:1070C000B8A058F8044B236873B323684FF0000B43
:1070D000986900F0A3FE06465B4632462068FEF73C
:1070E00042FF16F00A0F2ED02268D9F800109269DC
:1070F000102022F4804222F0020221EA0202C9F8A2
:1071000000202168DAF80020C96945F0020522EA6A
:107110000102CAF800202168FEF7ACFE216812487F
:1071200000F08CFFC4F800B05FB11DB129460F48D4
:10713000FCF7C2FEFFF760FCFFF7BEFE05B0BDE83E
:10714000F08F0127BDE7002EEED02368084A45F4F2
:1071500080459361E8E700BF009A00209803002172
:10716000209A002085030021F8990020EC9A002045
:10717000F0990020141004400C10044038B54FF072
:10718000FF3000F04BFE0F4D0F4B6A6804469A42E9
:107190000DD100220D490E48FDF722FB02232B7072
:1071A000FEF750FE18B9FFF727FCFFF785FE094BE5
:1071B0001C4206D0BDE838404FF000510648FCF7AD
:1071C0007BBE38BD109A002035740000717000003D
:1071D000289A002002000040EC9A00202DE9F04F90
:1071E000002485B0046006462246214603A8FFF726
:1071F0000BFE4FF0FF358346274620464FF0190916
:10720000DFF8A0A0DFF8A0809AF80A2052B39AF81D
:107210000820022A41D0D8F80010224B4A8B096975
:1072200093F862000A4419FB0022DAF81440019234
:10723000FFF7BAFD019A201A02F57A71B1EB900FAF
:107240004FEA90041ED2B0F1404F1BD2A41A012C79
:1072500038BF0124FDF796F9B4FBF0F4A54228BF2E
:10726000254601200137032F0AF1200ACCD1BBF1BA
:10727000000F0BD078B1039B9D4228BF1D46012013
:10728000356005E00024E5E70025F4E70028F6D1A5
:1072900005B0BDE8F08F039DF1E7BBF1000FF3D11E
:1072A0005D46ECE7689A0020209A002013B5154B44
:1072B0001A78022A04D11920FDF766FA02B010BD2F
:1072C0001A78012AFAD01B78042BF7D0FDF7D6F9EB
:1072D000044601A8FFF782FF78B101990A4829B155
:1072E000FEF7D6FE2046FDF765FAE7E7FDF7F2F870
:1072F00004210648FCF7E0FDF4E70348FDF7EAF84F
:10730000F0E700BF109A0020EC960020EC9A0020D5
:1073100037B511F002020C4611D0FFF7EBFB374BEB
:107320009B683BB1364844F0020103B0BDE83040F1
:10733000FCF7C2BD03B0BDE83040FFF7B7BF61073F
:1073400059D501212F4B04201970019201F0C0FA88
:1073500003F032FA2C4B2D4D1860284B1B687BB183
:107360001C692B685BB19C4209D0A36A5B0704D5FA
:1073700004212046636A019A9847012363762C60B2
:107380002B6802205B68224C1A78224B1A6001F0AD
:107390009FFA102001F0B4FA012222701E4A92785E
:1073A00012B90D2001F0ACFA2B685B689A680AB933
:1073B000DB682BB10022194B1A60194A43F81C2CC8
:1073C00007220021174B1A60174A1368174B1160E8
:1073D0001868196013681A2043F0402343F0020331
:1073E0001360134B6360FDF785F9192003B0BDE806
:1073F0003040FDF77FB903B030BD00BFF0990020E9
:10740000EC9A0020789B0020E89A0020209A002027
:10741000109A0020D02108407CB900001C100440C4
:1074200051000706000004601410044018100440C6
:10743000496700002DE9F04311F4804705460C46EA
:1074400085B034D0FDF71AF9A64A0346956955B3BD
:10745000D5E90A8908F00A0609F0E04756EA07026A
:1074600021D1D5E90A89D5E90A2323EA090722EAC5
:107470000806C5E90A67FDF79DF9AB684BB158EA04
:10748000090306D0AE682869298E42464B4609B2E8
:10749000B04724F480441CB121469348FCF70CFD0E
:1074A00005B0BDE8F0831846FDF784F9F1E78A00DE
:1074B00057D58E4A8E4E136843F08003136033789D
:1074C0001BB1042001F08EF93770FDF7D7F806469E
:1074D000042002F0CDFF874B1A68824238D12A7E01
:1074E000002A35D0844A126892B37E4B1B6963B37D
:1074F000DA68118840F60302914205D0DB681A88E9
:1075000040F604039A4220D105F11400FEF7A0FDD5
:107510003046FDF74FF9FEF795FC60B14FF0007370
:1075200000226FF4807128462E6AB0476D4B1B68AD
:10753000A3B1FFF7BBFE00224FF080630021284675
:10754000EE69B04724F00054A5E705F11000DDE72F
:1075500040F6C4121860C5E90422D9E744F00204D9
:10756000E9E711F0020208D0FFF7C4FA5D4B9B680F
:10757000002B91D124F002048DE711F480667BD0BA
:107580000192FDF77BF80546FEF7D6FD00286FD087
:10759000544B1F68002F6BD04FF00408574B019AD3
:1075A0005749584883F80080FDF71AF92846FDF737
:1075B00001F95548FCF78EFF03F0FEF80121534E08
:1075C0004B4B30604046197001F082F93869504DDC
:1075D000836A28605B0703D54146436A019A98474E
:1075E0000120FFF77DF8012328684376FEF7D4FEDB
:1075F0002B6840F60A0C99680A461046526832B168
:107600001588654503D0A5F60305012DF5D84FF083
:10761000010C0025427B45606CF303024273FA685B
:107620001288A2F6030292B262450BD8356000229E
:10763000384B01201A6043F81C1CFEF71BFC24F495
:10764000806428E71A8F002AF1D0B3F844205D87C0
:1076500022F4706222F00F0242F48072DD63A3F81C
:10766000442038334360437B65F303034373DEE711
:107670002846FDF79FF8E2E711F400674ED01C4D55
:107680002B781BB1042001F0ADF82E70FEF7DAFB69
:1076900040B11F4B002218686FF480714FF00073E7
:1076A000056AA847194D2B684BB103F085F82A6885
:1076B000174B801A1B68000BD86000232B601649FB
:1076C00000221048FDF78CF802210C4B1970054B75
:1076D0009B6813B10448FCF7EFFBFFF7E7FD24F4C8
:1076E0000064D8E6F0990020EC9A0020CC210840F4
:1076F000789B00207C9B0020E89A0020109A0020B4
:1077000099640000289A0020A8960020E49A00209E
:10771000209A00201C100440717000000E0740F1F8
:10772000BB80FCF7ABFF0646FEF706FD002800F025
:10773000AF805D4B1A78150700F1AA801B781806F8
:1077400000F1A68003A8FFF749FD18B1039B002BA9
:1077500000F09E80554D95F86130002B40F09880E8
:107760004FF00108AB7A43B195F9090085F80A801A
:1077700008FA00F0C0B2FFF795F90137032F05F1C1
:107780002005EFD14A4D4B482F70FCF7A3FE304641
:10779000FDF710F8484B49481A6800221A6053F860
:1077A000081C43F8082C4649FDF71AF803F004F8C2
:1077B000444BAA681B68C01A030B6FEA1030824260
:1077C0008CBF4FF0FF339B182A7BAB6022B13E4A3F
:1077D0001268B3EBC22F24D93C4B1B68D9071CD5C8
:1077E0003B4B1B681A0618D540F60902394B01209D
:1077F0001A8000225A80597B60F303015973197B68
:1078000062F30301197334495A600A60334A136002
:107810005A8802F44062002AFAD001232B73002315
:10782000AB6000F019FB00212D4B02201960FEF720
:1078300021FB022000F0D6FF102000F0EDFF294BC5
:107840001B7823B9284B18685030FCF783F9274B75
:107850009B7813B90D2000F0DFFF6B7B23B1002371
:1078600005206B7300F0BEFF214B6B6000232B7073
:10787000204BD88B9B8B00B21BB2984214BF0220C6
:107880000720FEF7ADFBFFF711FD24F0080402E628
:107890003046FCF78FFFF6E74B007FF5FCADFFF7B6
:1078A00005FD24F08044F6E5619A0020689A0020E6
:1078B000109A0020A896002014100440289A002056
:1078C0007D710000E89A0020249A002040210840A1
:1078D00000000440D09A00201C1004400010044016
:1078E00000000460609A0020209A00207CB900000B
:1078F00011730000F0990020054B5A68054B9A421D
:1079000001D1FFF7D3BC04210348FCF7D5BA00BF6F
:10791000109A002035740000EC9A00202DE9F04FF9
:107920002DED028B83B00646DDE90E5A0F469046D8
:107930009946FCF7A3FE4FF0000B4FF0580C08EEF1
:10794000100A39480CFB0B0494F833E004F13301BE
:107950001EF0800F57D135480191FCF7BBFD34482C
:107960000AF02003B0F81CC084F832800CF1010C3E
:10797000CCF30B0CA0F81CC0C4F80890B0F81CC0E5
:107980004FF00008A4F830C025F0C04C2CF4805C07
:107990004CF00202C4E906234FF0FF3200254FF0FD
:1079A00000094FF0800CE2633A7B019902F00F026C
:1079B000022AC4E9125581F800C0256484F84450B5
:1079C000656384F83850A4F85050C4E90889054626
:1079D000E760266104D1012284F83820BA68626326
:1079E0000022214686F8FC20114800F027FB2A6877
:1079F000A24201D1FFF75AFC58220B4B02FB0B3B72
:107A0000BBF9304006E00BF1010BBBF1080F99D137
:107A10006FF0010418EE100AFCF7CCFE204603B00C
:107A2000BDEC028BBDE8F08F30970020A8960020B7
:107A3000F09900202DE9F3470029054691469A4622
:107A4000019149DBFCF7A4F9802280460199284680
:107A5000FEF7F4FD044618B190F833301B0607D446
:107A60004046FCF78BFA0220002102B0BDE8F08707
:107A7000416A006A49F00A064AF0E04706EA000255
:107A800007EA0103134311D04046FCF777FAD4E923
:107A9000082306EA020007EA030122EA000223EAB9
:107AA0000103C5E92C01C4E90823DEE7A2680C4BF9
:107AB00040469A421EBFA268C5F8A820A360C5E947
:107AC0002867FCF75BFA4FF0FF3105F15000FBF738
:107AD000F5FFD5E92C01C8E700200146C5E700BF46
:107AE0007D660000D3B5DDE90667CDE90067044691
:107AF000FFF714FF0A2201464FF0E043204602B090
:107B0000BDE8D040FFF796BF30B50446034D0FCD1A
:107B10000FC495E80F0084E80F0030BDFCB90000E9
:107B20002DE9F0431D4600231646754A8FB00446E2
:107B30000F46CDE90233CDE90433106809B90024BA
:107B4000D3E0002EFBD0012209788A400242F6D011
:107B50001946304600F0DEF96A4BC4E901761B682D
:107B60004BB9FCF78BFD684F81463E78012E14D946
:107B7000FCF720FEE3E705AB009303AA04AB02A9E0
:107B80003046FEF7EBFA50234FF6FF720B210398B5
:107B900000F08FF9FF28E4D1D1E7002E62D100F088
:107BA0005DFD5A4B5A4ADFF8D8811A6006A8FCF7E7
:107BB00043F898F80130574906AA57480893FCF74C
:107BC00053F8564906AA5648FCF74EF806A8FCF7A3
:107BD000C3FD98F800301921524A0793524806AB6A
:107BE000FCF7F2FC1A21514A06AB5148FCF7ECFCB9
:107BF000334632464F495048FCF7B8FB33463246CD
:107C00004E494F48FCF7B2FB4E4B1B6813F4402F14
:107C100005D0334604214C4A4C4800F0D1FD98F879
:107C2000023013B10D2000F06BFE494800F0CEF990
:107C3000484800F0CBF907200021474A474B82F81B
:107C400060000520464A19701160464A998111600A
:107C5000454A99601060454A04201170444A5A60B0
:107C6000FEF708F93B7848465A1C3A70414A42F8F8
:107C70002340FCF79FFD1DB906A8FFF745FF06ADA1
:107C80002B68012223604FF4FA73E360AB69A362AF
:107C90002B8A62766383EB6923636B684BB3C4E919
:107CA000043300232376EA683349AB68002A08BF0F
:107CB0000A4622626A69002B08BF0B46002A08BFE9
:107CC0000A46E3610021626204F13800C82203F031
:107CD00088FD002104F15000FBF7C6FE0023274970
:107CE0001A4604F1B800FCF741FB20460FB0BDE88E
:107CF000F08340F6C4132276C4E90433D3E700BF0F
:107D0000D4210840809B0020609A0020CC210840AC
:107D1000110000E015610000EC9A0020DD6C00000D
:107D2000289B00207D710000289A0020A960000097
:107D3000449A0020F9780000EC960020D96A0000EF
:107D4000A896002004000050BD640000649B002041
:107D5000F8990020F0990020689A0020109A0020DD
:107D6000E89A0020E49A0020249A0020619A0020DA
:107D70001173000080960020955E000049600000AD
:107D80007CB9000030B50025234B89B0079306ABC2
:107D9000009304AA05AB806803A9CDE90355CDE99A
:107DA0000555FEF7DBF94FF6FF72039B04461B886F
:107DB000934216D128B90024174B43EAC47009B086
:107DC00030BD059B2B2107AA4BB1069838B1FEF7B1
:107DD000E1F8FF28EFD0079BC3F31503EDE7049804
:107DE000F5E74FF6FE7293420AD1059C64B140F26A
:107DF0002B21204607AAFEF7CDF8FF28DBD0079BF2
:107E00002C46C3F31503D8E704980028D3D040F2DA
:107E10002B2107AADBE700BFFFFF3F00024A1368E0
:107E20001840C3431360704710100440074A11689C
:107E30000029FCD1064B196010601A68002AFCD09A
:107E400000221A60034B1868704700BF00100440FE
:107E50001C10044004100440114A124913685020B9
:107E600023F4087323F0020343F40873136003221E
:107E70000D4B1A6041F230030B6001230B4A136073
:107E800008604FF4CA60136008604FF486501360B6
:107E900008601360A2F5FA52183A1360704700BFE9
:107EA0000000046060600440546004405860044076
:107EB000704770B506460025E8B2834204D956F8EB
:107EC0002540B4F1FF3F01D1FF2004E014408C4273
:107ED00005F10105F0D170BD1E2896BF0C4B0020A6
:107EE00033F81000FF2908D120F4806040F0C00072
:107EF00040F2037343EA0040704711B940F030008C
:107F0000F6E7CB074CBF40F0100040F02000EFE751
:107F10001CBA000000207047024A13681840C3438F
:107F2000136070470810044000221C4B1A70012295
:107F300003F8262C022283F8452003229A77042294
:107F400083F82520052283F82320062283F82F209A
:107F5000072203F8202C082203F82C2C092283F88E
:107F600075200A2283F820200B2283F86A200C2235
:107F700083F869200D2203F8212C0E221A750F2296
:107F80009A74102283F87620112203F8042C4AF206
:107F9000BD221E33C3F86520704700BF01040021D5
:107FA00010B5074C23783BB94FF4C5620549064824
:107FB00003F00AFC01232370BDE81040FFF7B4BFB3
:107FC000849B00205CBA00004C40002110B50446A0
:107FD000FCF754FB0023C4E90033BDE81040FCF774
:107FE000E9BB00BF38B50446FCF748FB256825B15E
:107FF0002B6823602BB100225A60FCF7DBFB28467C
:1080000038BD6360FCF7D6FB284638BD70B5144612
:108010000D460646FCF732FB6368C5E9004363681A
:108020002BB11D606560BDE87040FCF7C3BB3560D7
:108030006560BDE87040FCF7BDBB00BF38B50546C4
:108040000C46FCF71BFB00226B68C4E900232BB134
:108050001C606C60BDE83840FCF7ACBB2C606C6009
:10806000BDE83840FCF7A6BB38B505460C46FCF722
:1080700005FB00222B68C4E900322BB15C602C6048
:10808000BDE83840FCF796BB6C602C60BDE838401A
:10809000FCF790BB38B50C460546FCF7EFFAD4E97F
:1080A00000323BB15A6062683AB11360BDE83840B3
:1080B000FCF780BB6A60002AF7D12B60BDE838402E
:1080C000FCF778BBFF2808D0044B00B25B6853F87C
:1080D0002020914218BF43F82010704758B9000083
:1080E000FF2800D1704770B504460B4E00F016F81B
:1080F000336825B253F82510204600F03DF8736828
:1081000053F8252012B1002243F825200022B3683D
:1081100043F8252070BD00BF58B90000FF2808D0E3
:1081200000F1805000F501308000837803F0FB03FC
:1081300083707047FF2808D000F1805000F50130AF
:108140008000837843F00403837070471F2806D8AB
:10815000074B1B6823FA00F000F001007047054A46
:10816000A0F120031068D84000F00100704700BF64
:10817000C0200240C4200240FF2857D000F18053A5
:1081800003F501332DE9F0419D002B68044613F0FF
:10819000FF0F884601F0020621F0FF072DD02F6067
:1081A0009EB904F1804308F0010103F508331F2C48
:1081B000197031D901231F4A203C116803FA04F4D5
:1081C0000C4330461460BDE8F0811F2C09D8012310
:1081D000194AA3401468002024EA03041460BDE88F
:1081E000F08101221349203C0B6802FA04F423EACF
:1081F000040400200C60BDE8F081FCF73FFAC7F3EF
:108200000722C7F307433F0E6A70AB70EF70FCF7AD
:10821000D1FA002ED9D1C4E70120074B00FA04F4AB
:108220001A68304614431C60BDE8F0814FF0FF30FF
:10823000704700BFD4200240D0200240FF2858D011
:1082400000F1805303F501332DE9F0419E003368BE
:108250000446DBB29342884601F0020721F0FF0595
:108260002ED02A4332609FB904F1804308F0010107
:1082700003F508331F2C197031D901231E4A203C05
:10828000116803FA04F40C4338461460BDE8F08129
:108290001F2C09D80123194AA3401468002024EA9E
:1082A00003041460BDE8F08101221349203C0B68EF
:1082B00002FA04F423EA040400200C60BDE8F08113
:1082C000FCF7DCF9C5F30722C5F307432D0E7270E6
:1082D000B370F570FCF76EFA002FD9D1C4E7012016
:1082E000064B00FA04F41A68384614431C60BDE8D3
:1082F000F0814FF0FF307047D4200240D020024080
:10830000FF2807D01F284FF0010304D8054A03FABD
:1083100000F010607047044A203803FA00F0106043
:10832000704700BFB0200240B4200240FF2805D0B3
:1083300000F1804000F50830C9B20170704700BFFD
:10834000704700BF002070470020704770B502F0F2
:10835000DFF8FCF793F9054602F0B4F80028FBD0EB
:10836000174CFCF78BF994F84631013BDBB284F8EB
:1083700046311BB9A36823F00803A360FCF71AFA7F
:108380000023284684F83831FCF714FA0D4B0220FC
:108390009E68B047246805465CB1A368DB0605D536
:1083A000D4E9033200211020984710B92468002C2A
:1083B000F3D125B13346BDE870400320184770BDA6
:1083C000E405002068B900000128F8B5044636D05D
:1083D00008B10020F8BD02F049F8404B1B6813F4C7
:1083E000402FC3F3814509D13D4B1C6934B13D4851
:1083F000FCF770F802F07AF82846A0473A4D95F855
:108400003831002BE5D08020384A3949136823F0F1
:10841000800313600860FCF731F995F84631013BA1
:10842000DBB285F846311BB9AB6823F00803AB60BB
:10843000FCF7C0F90023002085F83831F8BD02F0C0
:1084400017F80128C5D0284D95F83831002BC0D138
:10845000224E336813F4402F2CD1214B1F69002F7B
:1084600035D002F033F8502002F0C2F92046B84768
:1084700005F19400FBF7B6FF336885F8384113F433
:10848000402F09D0AB689B0606D48021184B174AB1
:10849000196013680B431360FCF7F0F8AA6895F8AD
:1084A000463142F008020133AA6085F84631FCF7F4
:1084B00081F98EE702F02AF8336885F8384113F421
:1084C000402FDFD1064B1B69002BE5D1DAE702F024
:1084D0001DF8336885F83841D4E700BF0400005028
:1084E00068B9000078060020E405002090220840CA
:1084F00098220840F8B5414A414B14681A6822EAAC
:1085000004011440600619601AD53E4B1B68C3F382
:108510008153022B51D0042001F0AAFF831E012BAE
:1085200055D9012866D0384D2D684DB1AB689906F4
:10853000FAD5D5E903320021202098470028F3D04E
:10854000220602D4314B1C60F8BDFCF797F80646B2
:1085500001F0B8FF0028FBD02B4DFCF78FF895F801
:108560004631013BDBB285F846310BB3FCF722F90B
:108570000023304685F83831FCF71CF9244B0220E3
:108580009F68B8472D6806465DB1AB68DB0605D528
:10859000D5E9033200211020984710B92D68002D2D
:1085A000F3D1002ECED00320B847184B1C60F8BD85
:1085B000AB6823F00803AB60D8E7164B186801F0EE
:1085C000E5FF042001F054FF831E012BA9D80E4DB6
:1085D00001F050FFFCF752F895F84531013BDBB252
:1085E00085F845311BB9AB6823F00403AB60FCF799
:1085F000E1F899E701F03EFF95E700BF94220840BB
:108600009022084004000050E40500209822084011
:1086100068B900005C070020014B9868704700BFF4
:10862000E4050020022905D0012814BF00204FF4E2
:108630007A70704740F2EE23012814BF00201846DC
:10864000704700BF044B93F841211AB1D3F8703141
:1086500003B11847704700BFE4050020F0B54A4C4D
:1086600085B094F8423113B1002005B0F0BD01236C
:1086700084F8423101F088FF444B454E1A68317B43
:10868000736812F4402F84F8740184F84111C4F81F
:108690007031C2F3814514D1336993B13D4B1F68EA
:1086A000FBF770FF6421C7F3066701FB07F12B4658
:1086B000B1FBF0F2384904F19400FBF757FE01F0EA
:1086C000C5FE002501A8FBF789FC2A46334901AB0A
:1086D000334802958DF804500395FBF747FE01A837
:1086E000FBF77CFC08222F4901AB2F4802958DF83F
:1086F00004500395FBF73AFE2B4632212B4A2C48B7
:10870000FBF762FF2B4A2B4615602C212A4A2B4887
:10871000FBF75AFF1D4B727B1B68C3F381530AB1F1
:10872000032B2AD09A1E012A00D953BB214A136871
:1087300043F040031360FBF7A1FFA26894F84531B2
:1087400042F004020133A26084F84531FCF732F8AC
:108750004FF0A0431B685B0786D4FBF78FFFA2682E
:1087600094F8433142F001020133A26084F84331AE
:10877000FCF720F8002005B0F0BD012384F8393162
:10878000D4E701F077FEE3E7E405002004000050A1
:1087900068B90000080000504D83000041830000CC
:1087A000F0050020D590000034060020F58400007C
:1087B000BC06002090220840A98C0000D8060020AA
:1087C00050B14AB108B5C0E902120361014604483C
:1087D000FFF734FC002008BD6FF00200704700BFB7
:1087E000E405002010B50446FBF748FF094A1119BB
:1087F00091F84331013BDBB281F8433133B90121B8
:10880000936801FA04F423EA04039360FBF7D2FFB0
:10881000002010BDE405002070B50446FBF72EFFD4
:10882000274906460A1992F84A31013BDBB282F821
:108830004A31F3B9234A02EB84004588A5F58060EC
:1088400002281BD9B5F5816F18D012F9240012F84F
:10885000244000281ADB620629D501EB850518465D
:10886000D5F86421904704F03F00192801D8FFF79C
:10887000D3FF3046FBF79EFF002070BD284601F075
:108880006BFE3046FBF796FF002070BD284602F0D5
:10889000B5F9284602F0D4F9284602F0F3F901218F
:1088A000094B0A4A196013689907FCD5DBE728468B
:1088B00002F06EF9284602F0F7F90228FAD1D2E761
:1088C000E405002084C0000028200860282008401B
:1088D00038B50446FBF7D2FE0121084A01FA04F537
:1088E0001444916894F8433129430133916084F82A
:1088F0004331FBF75FFF002038BD00BFE4050020D7
:108900002DE9F0410446FBF7B9FE294F05463A1917
:1089100092F84A31591C82F84A11E3B9254E16F8EB
:10892000248008F03F00192824D906EB84046488C9
:10893000A4F58063022B14D9B4F5816F11D018F01F
:10894000800F1AD118F0400F28D007EB84040120C3
:10895000D4F8643198472846FBF72CFF0020BDE887
:10896000F081204601F0E2FD2846FBF723FF0020BE
:10897000BDE8F081FFF7C4FFD7E7204602F02EF9EB
:10898000204602F04DF9204602F06CF901210A4B15
:108990000A4A196013689B07FCD5DCE7204602F001
:1089A000D3F8204602F0CAF90128FAD1D3E700BF74
:1089B000E405002084C0000028200860282008402A
:1089C00001282DE9F04140F0CA80664DD5F83461A8
:1089D000012E40F0BC800223C5F83431FBF7D0FFF4
:1089E0002C686CB1A368D80707D5D4E903320021FD
:1089F00001209847002840F099802468002CF1D18C
:108A000095F85A7195F85931003F18BF01270BB1FD
:108A100047F0020795F85831002B69D1012001F089
:108A200027FD012803D095F83831002B63D00020B2
:108A3000FFF7CAFCAB68D90761D4DFF8388140463C
:108A400002F078FE04280446F9D0002001F068FD09
:108A5000012C7FD001F002FD384602F075F895F840
:108A60005431002B55D195F85331002B59D10121A8
:108A7000032000223C4BC5F83401196003F1604328
:108A80001C3B1A60384602F059F90128FAD1374BDD
:108A90002C681B6864B1A3685A0706D5D4E9033271
:108AA00000210420984700284AD12468002CF2D1E4
:108AB000002701212E4A2D4B11608E421B6842D0A7
:108AC00001F08EFE2C685CB1A3681B0705D5D4E9C4
:108AD000033200210820984740BB2468002CF3D1C2
:108AE0000123C5F83431FBF751FF3846BDE8F0816A
:108AF00047F0040792E71E46AB68D9079DD50120D1
:108B000001F00EFD384602F01FF895F85431002BA5
:108B1000A9D04FF4806001F035FD95F85331002B5A
:108B2000A5D04FF4816001F02DFDA0E701234FF0A7
:108B3000FF37C5F83431FBF729FF3846BDE8F0812F
:108B40004FF0FF37B5E73046FFF73EFCB8E76FF070
:108B50000407CAE72146074802F0E4FD7AE76FF010
:108B60000107C2E7E4050020282008602C20094006
:108B70000C40094000400340022807D0032804D1DC
:108B800008B500F007FA002008BDFEE700F052B873
:108B900038B5FBF773FD094B044693F838312BB910
:108BA00001252046FBF706FE284638BD01F07CFC77
:108BB00005462046FBF7FEFD284638BDE4050020AB
:108BC00070B5FBF75BFD054601F07CFC0023174CFC
:108BD00084F83831FBF752FD94F84631013BDBB2A3
:108BE00084F846311BB9A36823F00803A360FBF7A0
:108BF000E1FD2846FBF7DEFD0D4B02209E68B047E5
:108C0000246805465CB1A368DB0605D5D4E90332C8
:108C100000211020984710B92468002CF3D125B109
:108C20003346BDE870400320184770BDE4050020BE
:108C300068B9000070B5164D95F8393113B9154B68
:108C40009C7BDCB1FBF71AFD95F83B41C4B90126CA
:108C500085F83B61FBF7AEFD0220FFF739FE0D20E2
:108C6000FFF74EFE0C4B1B687BB940230B480C49A9
:108C70000C4A85F83A4103600B601660204670BDCF
:108C80000024FBF797FD204670BD3446204670BD9A
:108C9000E405002068B9000004800C4038500C4006
:108CA0003C500C4020800C402DE9F0470025AC4C96
:108CB000AC4A94F83A3115603BB1012B00F0FD80CD
:108CC000022B00F0A780032B13D0D4F83C31A64D23
:108CD000DFF8B4A2DFF8B492A44EDFF8B482A44F58
:108CE000062B00F23C81DFE803F06E615654493BED
:108CF0001C00A04BD4F810211B68002AA3F5C06308
:108D000083EAE371B8BF5242A1EBE3719142C4F828
:108D10002C3100F3F580002384F830310623C4F8A9
:108D20003C31924A002310468F4913600B60036860
:108D30009B07FCD48C4B1D6815F00205FBD101226A
:108D400088498D4B0D600D201A60FFF765FD0220EC
:108D5000FFF748FDC4F83C5184F83B51BDE8F0876B
:108D60000323002084F83A3101F056FBBDE8F047B8
:108D700001227D4B81481A60FBF734BB052200239A
:108D8000C4F83C212B602B689A07FCD4D4F83C3102
:108D9000A6E70223E5E703220023C4F83C212B6069
:108DA0002B689907FCD4D4F83C3199E701250220BF
:108DB00084F83A5101F030FB6B4B70481D60BDE800
:108DC000F047FBF70FBB42F62A230F22CAF8002018
:108DD000C9F8003001F008FB0123336033689B07BA
:108DE000FCD5012394F83921C8F8003072B1002273
:108DF000C4F83C313A6003210023614A11602B60C2
:108E00002B689807FCD4D4F83C3169E70323C4F8F5
:108E10003C31F0E7574B1D6801F08EFAC4F814019D
:108E200001F092FAC4F8180101F096FAA5F5C062B3
:108E3000C4F82801C4F81021002A3FF46CAF94F85C
:108E40003031002B7AD0D4F82031D4F82C21002AEC
:108E5000B4BF6FF00101022102EB4202521848BF79
:108E6000033203EBA203D4F81401002BC4E9470337
:108E700032DD1E2B0ADDD4F82421002A50D1332BF9
:108E8000A8BF33230322153BC4E9483201F06CFA32
:108E9000012001F089FAD4F8200101F075FAA5F259
:108EA000FF55D4F8240101F08FFA022D7FF636AF7A
:108EB00004221346C4F83C2109E794F8400101F06C
:108EC00005FA304B84F840519B7B002B3FF426AFD2
:108ED0000223C4F83C31FAE6D4F82421032A34D022
:108EE0006FF009020128B8BF01209342B8BF1346B2
:108EF000032201380B33C4E94703C4F82421C5E732
:108F0000D4F8140101F030FAD4F8180101F03CFA59
:108F1000D4F8280101F058FA012384F83031FDE635
:108F2000292BA8BF29233E28A8BF3E2000220B3BA7
:108F30000130C4E94703C4F82421A7E7D4F8183165
:108F4000C4F82401C4F82C2181E76FF01302934286
:108F5000B8BF134600221533C4E9483296E7FEE74E
:108F6000E40500203C500C4058600C4054600C401C
:108F700084600C4008400C4004800C403406002003
:108F800000400C4068B900000C400C4010400C4000
:108F90001C400C402DE9F047434C444DDFF828A11C
:108FA000DFF82891424EDFF82881424FD4F83C3157
:108FB000062B78D8DFE803F052453C3A3123040011
:108FC0003B4A00231046394913600B6003689B0736
:108FD000FCD4364B1D6815F00205FBD10122364941
:108FE000364B0D600D201A60FFF716FC0220FFF7CC
:108FF000F9FBC4F83C5184F83B51BDE8F0870323EA
:10900000002084F83A3101F007FABDE8F047012268
:10901000264B2B481A60FBF7E5B905220023C4F85C
:109020003C212B602B689A07FCD4BFE70223E7E7BB
:1090300003220023C4F83C212B602B689907FCD441
:10904000B4E70125022084F83A5101F0E5F9174B05
:109050001B481D60BDE8F047FBF7C4B942F62A2360
:109060000F22CAF80020C9F8003001F0BDF9012331
:10907000336033689B07FCD5012394F83921C8F885
:10908000003062B10022C4F83C313A600321002371
:109090000C4A11602B602B689807FCD486E70323E9
:1090A000C4F83C31F2E7FEE7E405002058600C40CC
:1090B00054600C4084600C403C500C4004800C40D8
:1090C0003406002000400C400C400C4010400C4086
:1090D0001C400C4030B40C4A13689B07FCD50B4B6A
:1090E0000025D3F83C310121012B0CBF20220122A5
:1090F000074B084C1A600822074B08481D60226085
:10910000026030BC1960704758600C40E4050020D4
:1091100018400C4038500C4000400C403C500C4073
:1091200030B40446044D0FCD0FC40FCD0FC42B68CF
:10913000236030BC704700BFECC00000F8B5076882
:109140000446FBF79BFA7E7A054626B12846BDE821
:10915000F840FBF72FBB012320467B7200F06CFF29
:10916000606800F07FFF204600F042FD2046314657
:1091700000F084FF2846BDE8F840FBF71BBB00BFAA
:109180002DE9F04F8146884615469A46046885B019
:1091900013B10023CAF80030FBF770FAE379834675
:1091A000002B00F0CA8094F86460002E40F0C0806C
:1091B000002D00F0B880484600F0E4FC012348464A
:1091C00084F86430C4E91A852567A667A663A67289
:1091D0002673FFF7B3FF484600F00AFD04F14C0781
:1091E00001E0002B5FD003A9384601F009FA236F94
:1091F0000546834238BF1D46064638BF2E46A06F3F
:1092000032460399404402F0DFFA3146384601F015
:10921000DDF9236FA26F9B1B3244002D2367A267E9
:10922000DFDC2579022D41D0002B52D05846FBF7C8
:10923000C1FA2379002B44D1216F002943D00E9924
:1092400004F17C00FAF73AFC002869D1FBF716FA22
:109250000646484600F096FC002348462367A3666E
:1092600084F8643000F0C4FC227BA37A002A14BF87
:109270006FF00C0500253046002B18BF6FF00D0570
:10928000FBF798FAFBF7FAF92379012B05D0BAF12D
:10929000000F02D0A36FCAF80030FBF78BFA284604
:1092A00005B0BDE8F08F2579022D12D10023584674
:1092B000236784F86430A366FBF77CFA2379002BDC
:1092C000BAD00025DEE704F17C000D46FAF7F6FB84
:1092D000D8E70023012DA76E84F86430A366A5D1DA
:1092E00058462574FBF766FAE67BAEB9227C9AB144
:1092F000A846FBF7C3F9267484F80F80FBF75AFAE7
:10930000A36CA26F009639464846D4F8CC50A847C3
:10931000237CE673002BECD1FBF7B0F9834685E79D
:109320000123237392E7FBF745FA6FF00905B6E7CF
:10933000FBF740FA6FF00805B1E7FBF73BFA6FF077
:109340000E05ACE72DE9F047914607460E469A46D2
:10935000154600244FF0FF3884B009E003AB3846CF
:10936000CDF80080FFF70CFF039B1C44ED1A20B9D9
:109370002A1B3119002DF1D12846BAF1000F01D076
:10938000CAF80040B9F1000F08BF6FF0090004B03F
:10939000BDE8F08710B5046882B0646814F0FF1F60
:1093A00003D1FFF7CFFF02B010BD4FF0FF340094A0
:1093B000FFF7E6FE02B010BD2DE9F04FD0E9004AFC
:1093C00083B0064688461546019313B11A4600231A
:1093D0001360002D00F09480FBF750F9E379834689
:1093E000002B00F09D8094F8E83003F0FF01002B83
:1093F00040F08980012304F58079C4F8FC10E16312
:109400006173E17284F8E8304846C4E93B85C4F8EA
:10941000F450FAF753FB504600F02AFE5846FBF78B
:10942000C9F9FBF773F910B96279002A33D0636C7C
:10943000DB0619D4FBF722F90546304600F030FB75
:109440002846FBF7B7F96379BBB1019A12B1D4F89A
:10945000FC301360E37A002B5AD1637B002B5CD184
:10946000002003B0BDE8F08F256C002DE2D0002273
:1094700010213046A36CA847DCE748460C99FAF760
:109480001DFB08B101236373304600F033FC002359
:1094900084F8E830D9E7D6E9004A636CD90629D4C4
:1094A000D4F8FC2029464244504600F0FBFDD4F895
:1094B000FC202D1A0244C4F8FC20F3D1504600F0E1
:1094C00007FE0028FAD0504600F0E4FA636C9A06D2
:1094D00009D40020019A84F8E800002AC0D0D4F80A
:1094E000FC301360BDE7304600222021256CA36CC0
:1094F000A847EEE710213046A36C276CB847CFE7AA
:109500006FF00900ADE7FBF755F96FF00800A8E729
:1095100000236FF00D00E372A3E76FF00C00A0E7EB
:10952000FBF748F96FF00E009BE700BF2DE9F04F05
:109530002DED028B1546D0E900428246884608EEA2
:10954000102A994683B013B10023C9F80030002DCA
:1095500078D0FBF793F8E3790646002B7AD094F89D
:10956000E82002F0FF03002A6FD1012218EE100A52
:10957000C4F8FC30E3636373E37284F8E820C4E961
:109580003B85C4F8F45000F073FD3046FBF712F948
:1095900004F1D00702E0D4F8F4305BB3FBF76EF8C7
:1095A00001A90646384601F081F8D4F8F4300546A2
:1095B000834238BF1D46834638BFAB46D4F8FC1003
:1095C0005A464144019802F0FFF85946384601F0E6
:1095D0004FF8D4F8F410D4F8FC30A1EB0B0103EBF6
:1095E0000B023046C4F8F410C4F8FC20FBF7E2F894
:1095F000002DD0DCFBF742F8D4F8FC30054693B9D7
:109600006FF00F06B9F1000F01D0C9F80030002348
:10961000284684F8E830FBF7CDF8304603B0BDECBF
:10962000028BBDE8F08F18EE100A00F021FD5046C5
:1096300000F036FAD4F8FC30002B14BF00266FF08F
:109640000F06DFE76FF00906E7E7FBF7B3F86FF007
:109650000806E2E7FBF7AEF86FF00E06DDE700BFA5
:1096600010B404686479022C03D05DF8044BFFF752
:10967000A3BE5DF8044BFFF759BF00BF10B54FF014
:10968000FF3482B00094FFF7EBFF02B010BD00BFC3
:10969000704700BF042801D00020704770B51568DE
:1096A00082B068465468FAF75BFF95F834203D486D
:1096B00095F835303C4E825C95F836103B48F35CAB
:1096C000415C13430B432A6B2068019901F0D4FFDE
:1096D00040F2F272236836485A6494F8552094F8A0
:1096E00054303449C35C895C22680B435363E3699B
:1096F000012B1DD02268136B23F400431363E3692D
:10970000012B1ED02268136B23F48043136322685D
:10971000D36A43F01003D3622268136B43F0010352
:109720001363E36B0BB1A36BA3B9002002B070BD50
:10973000A36AFF2BDED02268136B43F4004313634C
:10974000DDE7E36AFF2BDDD02268136B43F480432F
:109750001363DCE72668FAF791FFB36C23F001038B
:10976000B364FBF727F8D5F85831E16B5B68022248
:109770001868C1621868C0F80415E16B186891FA9E
:10978000A1F1B1FA81F101F0ABFFA16BD5F858312D
:1097900091FAA1F15B68B1FA81F10222186801F037
:1097A0009FFFC2E710C1000024C1000014C10000E7
:1097B00028C100001CC100002DE9F041AA4B84B073
:1097C0001B78834240F20581A84B0A780D46012A96
:1097D00003EBC00188464F6853F8304000F0F58035
:1097E0006B78012B03D1AB68002B00F03A81FAF7BC
:1097F00045FFE679002E40F0F6800123E371FAF789
:10980000D9FF4FF0FF32A660E681667426602B78A0
:1098100023716B7863712B7DA371D5E901312869C0
:10982000C4F8CC30EB68C4F85011A969C4E9103011
:109830002163697F84F83510297F84F83410A97F6B
:1098400084F83610296AA666A164C4F8F460266715
:10985000C4E93B26C4E90E66E6666667C4F8F860AC
:1098600084F8646084F8E860C4F85861002B00F064
:10987000B68097F84000FFF743F8D7E9031204F1E8
:109880004C0000F099FED7E9051204F1D00000F079
:1098900093FE386801F00CFFD8F804504CF2020136
:1098A0006A6C95F82400FEF7C9FCAA6C95F82000B4
:1098B0006F49FEF7C3FCEB69012B00F09C8000F0C0
:1098C00015FFC4F8580101A8D8F80450FAF748FE6B
:1098D00094F83520674994F834306748CB5C805C55
:1098E000664994F8362003438A5C2868134302993A
:1098F000226B01F0C1FE40F2F2722B6860485A649C
:1099000095F8552095F854305E49C35C895C2A6807
:109910000B435363EB69012B43D02A68136B23F489
:1099200000431363EB69012B46D02A68136B23F4C1
:10993000804313632A68D36A43F01003D3622A6812
:10994000136B43F001031363EB6B13B1AB6B002B91
:109950005FD1434604214C4A04F5AE70FEF730FF58
:1099600001A8FAF7F9FECDF804803D7A474A01AB29
:10997000796804F114000295FAF726FE002104F13B
:109980007C00FAF771F8002104F58070FAF76CF8A2
:10999000796B3B683A6B0B605360404604B0BDE89E
:1099A000F081AB6AFF2BB8D02A68136B43F40043F5
:1099B0001363EB69012BB8D1EB6AFF2BB5D02A6892
:1099C000136B43F480431363B4E76B68002B7FF49D
:1099D00007AF4FF00008404604B0BDE8F0812C4AC4
:1099E000C4E9102345E74FF00008FAF7E3FE4046CC
:1099F00004B0BDE8F081EA6C1D4995F82800FEF737
:109A00001DFC4CF202012A6D95F82C00FEF716FCA5
:109A100055E72E68FAF732FEB36C23F00103B36406
:109A2000FAF7C8FED4F85831E96B5B68022218686F
:109A3000C1621868C0F80415E96B186891FAA1F1C1
:109A4000B1FA81F101F04CFEA96BD4F8583191FACA
:109A5000A1F15B68B1FA81F10222186801F040FEC1
:109A600077E7984699E700BFE8B90000E0B9000041
:109A700002C0002010C1000024C1000014C1000079
:109A800028C100001CC1000095960000799D0000CF
:109A9000919600000268136B23F480731363704780
:109AA000F0B5046883B0D4F8F830002B4ED1637958
:109AB0000546022B466854D0D4F8EC30D4F8FC208C
:109AC000D4F8F40013440193C4F8F80000283DD002
:109AD0003268936B23F400639363636CDB0608D5F1
:109AE000276C37B1284600221021A36CB847D4F860
:109AF000F800B0F5806F2BD843F6F072013802EA17
:109B000000170199336BD4F8582108441C49186098
:109B1000996051689A680968B06B3A439A608862A4
:109B20003668FAF7ABFDB36C43F00203B364FAF79F
:109B300041FE237A53B92D680220FEF7C9FED5F8FD
:109B4000EC3013F0704F16D00123237203B0F0BD38
:109B50004FF4806343F6F07740F2FF30C4F8F830FA
:109B6000CFE701A904F1D00000F04AFDC4F8F800E5
:109B70000028EBD0ACE70420FEF7AAFEE4E700BF24
:109B8000018000C0F8B50468636F03B9F8BDD4F86C
:109B9000583145685E68EA6B3368DA622F68FAF715
:109BA0006DFDBB6C23F00103BB64FAF703FEEB6BA6
:109BB000D4F8582193FAA3F15268B1FA81F11268EE
:109BC000C2F80435306801F0A1FD656FE37C291A05
:109BD0004BB9236FA26F5B1B18440A442067A2672E
:109BE00000236367F8BD04F14C0000F041FDF7E786
:109BF0002DE9F043046883B0637A13B903B0BDE87C
:109C0000F083D4F858314668D3F804800546776B62
:109C1000FFF7B8FF636F002B3ED1A36E13B1236F24
:109C2000002B39D104F14C09484601A900F03EFD52
:109C300001236067E3740028E0D00023B0F5806F53
:109C4000A3734DD843F6F072013802EA001CF36B9F
:109C5000019D93FAA3F10123B1FA81F1244A28442A
:109C60007860D4F85801BA60BA68D8F80040406803
:109C700042EA0C028B40BA60A361F26B03689A62FD
:109C80003468FAF7FBFCA36C43F00103A364FAF712
:109C900091FD03B0BDE8F08304F14C09484600F0A3
:109CA000ADFC236F9842BFD22379022BBCD0A36EA8
:109CB000002BA3D02846FFF765FF4846256F00F02C
:109CC0009DFC281A60674846A56ED4F8789000F08D
:109CD00095FC0023484405440195606FE374AAE7AE
:109CE0004FF4806343F6F07C40F2FF306367AEE7E9
:109CF0000180000CF8B50468D4F8F8500DB9284676
:109D0000F8BDD4F8583145685E68AA6B3368DA62EA
:109D10002F68FAF7B3FCBB6C23F00203BB64FAF7BD
:109D200049FDAB6BD4F8582193FAA3F15268B1FA0C
:109D300081F11268C2F80435306801F0E7FC05468D
:109D40006379D4F8F800022BA0EB05010FD0D4F80A
:109D5000F430D4F8FC201B1A2B440A44C4F8F43025
:109D6000C4F8FC2000232846C4F8F830F8BD04F1FC
:109D7000D00000F02BFCF5E72DE9F04FD0E90067AB
:109D80003B680546D3F8408087B018F4F06FC3F8FD
:109D900044801AD018F4806F3B6840F0F6805C680D
:109DA000716C04F00F0404EA0103B3FA83F24FF07C
:109DB0000041D140194040F0A380B4FA84F24FF042
:109DC0000043D34023405B42B363D6F85831FA6B6B
:109DD0005B681B68D3F8041503F2045311422CD1BD
:109DE00018F04002039256D0D5E9004A2846FFF702
:109DF000C9FEE37C002B00F08E80D5F804A0DAF8D1
:109E000000209369D90621D4D4E91413B1EB0309D6
:109E10001CD0296801F14C0B02E0B9F1000F15D0FC
:109E200011685846C9B200F0FFFBDAF8002009F1CA
:109E3000FF399169C90609D4EFE72846D5E9004AF8
:109E4000FFF7A0FE18F040030393D2D194F86430DA
:109E5000C3B12379022B15D0A279012A00F0CB805F
:109E6000226F7AB90020012BA16E84F8640020676C
:109E7000A06640F0C580A36CA26F0090D4F8CC40DF
:109E80002846A0472846FFF7B3FED6F858315B684E
:109E90001B6803F204531A68BB6B1A4203D0D6F84E
:109EA000F830002B58D118F4006F26D0396801F132
:109EB00018031A6812F00802FBD10B6B307A23F4F6
:109EC00080730B6390B1736C32729B0605D5346C52
:109ED0001CB120212846B36CA0472C680220FEF755
:109EE00081FCD4F8EC3013F0704F7CD03A68936B5F
:109EF00023F40063936373793BB307B0BDE8F08F3D
:109F0000D6F84090B9F1000F3FF457AF2846B36C34
:109F10003268C84751E7DAF800108B69DB0695D440
:109F2000236F73B10968A36FA26ED154DAF80010E1
:109F3000A26F8869236F0132013BC006A2672367C5
:109F4000EFD5E37C002B81D057E706F5807007B092
:109F5000BDE8F04FF9F7FEBDD5F800902846D5F8DA
:109F600004A0FFF7C7FE2846FFF79AFD99F80530D1
:109F7000012B4AD0D9F8F830002B94D1DAF8002020
:109F8000936B43F4006393638DE79869326D746D4E
:109F9000C00603F11801A2EB040417D4B4B106F112
:109FA0004C0900E094B119684846C9B200F03CFB86
:109FB0003B68013C9A6903F11801D206F2D505E02D
:109FC0001A68D2B28DF817209DF817200A68D006BB
:109FD000F6D53268B17B0132326000297FF4DFAE02
:109FE0000122B273DBE60420FEF7FCFB4FF0FF33E7
:109FF000C4F8EC307AE7039A002A7FF433AF2FE7F6
:10A0000004F17C00F9F7A6FD3CE7D9F8F40000283C
:10A01000B0D199F8E830002BACD089F8E800D9F835
:10A020004830D9F8FC20D9F8EC100090D9F850410C
:10A030002846A0479EE700BFD0E90023116C59B124
:10A04000526C120708D54FF480611A685164196880
:10A050008A6B42F480628A631A68936B43F0400310
:10A06000936370470268136B43F400731363704784
:10A070000268136B43F480731363704738B503466B
:10A080000C4602201D68FEF723FC24B1D5F8EC3005
:10A0900013F0704F00D038BD0420BDE83840FEF703
:10A0A00017BC00BFF8B50E4679B107460024551E0F
:10A0B00002E00134A64206D015F8011F386801F00D
:10A0C00007FB0028F5D12046F8BD0C46FBE700BF92
:10A0D0000368986980F00800C0F3C000704700BFB3
:10A0E000F8B51F4A1F4B16681C6816601C60CEB17D
:10A0F00001271D4DB6FA86F06B68C0F11F0053F8BA
:10A10000202007FA00F326EA0306830003F18043C8
:10A1100003F5012322B11B68C0B2590300D5904753
:10A12000002EE7D1DCB101260F4DB4FA84F36A6842
:10A13000C3F11F0303F1200006FA03F324EA03042A
:10A1400052F82020830003F1804303F5012322B15C
:10A150001B68C0B25B0300D59047002CE5D1F8BD69
:10A16000E0200240E420024058B900002DE9F04F01
:10A17000C7B0FAF783FA4A4B1F78002F40F084806B
:10A180004FF00108DFF8409183F80080FAF712FBE6
:10A19000FEF764FA0820FEF7B3FB03A8FAF7DCFA2F
:10A1A000D9F80C003F4A03AB049010213E48FAF75F
:10A1B0000BFA3E4A3E4B92F800B01E785C46B3451F
:10A1C00067D806AB009303EB8B050FFA8BF3BA4607
:10A1D000019304E0A64204F1010123D00C46D9F812
:10A1E000001051F8241021F0FF008B0745F8040BF4
:10A1F000F0D4A4F12000C4F1200C08FA00F028FAF1
:10A200000CFC40EA0C0C01F0010108FA04FEE0B27B
:10A210004CEA07074EEA0A0AFEF788F8A64204F15C
:10A220000101DBD15346234823490360234B0F60D0
:10A230001B68C3F38153012B18D0DDE900310136CF
:10A240000BF18050A6EB0B0200F5013003EB81010E
:10A250009200800001F0B8FA194A136823F47C5385
:10A2600043F40053136047B0BDE8F08F154B009ADC
:10A270001B681B0E14BF0121002152F8213043F04E
:10A28000070342F82130D8E7FAF794FA47B0BDE85F
:10A29000F08F06AA00920FFA8BF23B460192C2E7BA
:10A2A000A49B0020E1A00000889B002054B900007E
:10A2B00055B90000D0200240D420024004000050D4
:10A2C000003009401400005058B9000038B54BF276
:10A2D000F524154A154B12681B6804FB02F403F4BD
:10A2E0004023B3F5802F05464FEA14240BD02DB937
:10A2F0000F4B1B6823F07F431C4464082046BDE8D5
:10A30000384001F0D5B80B4B1B689B03EFD400F02D
:10A3100023FA00F0F3FB00F011FC2311C01000FB46
:10A3200003F004EBE034E2E708400C400400005086
:10A33000102009588C0B0050024B1868C0F30720FE
:10A34000704700BF30A00C58024B1868C0F384401F
:10A35000704700BF04A00C58024B1868C0F381205E
:10A36000704700BF20A00C5800B580B283B00090A9
:10A3700008234FF47F423021024800F03FFA03B037
:10A380005DF804FB00A00C5800B580B283B00090CB
:10A3900012234FF4F8020421024800F02FFA03B010
:10A3A0005DF804FB00A00C5800B580B283B00090AB
:10A3B00011234FF400320421024800F01FFA03B0C9
:10A3C0005DF804FB00A00C5800B580B283B000908B
:10A3D0000A234FF440622021024800F00FFA03B034
:10A3E0005DF804FB00A00C58022300B583B0009375
:10A3F0004FF4C07207230021064800F0FFF907233D
:10A400004FF4C0720021034803B05DF804EB00F084
:10A410000BBA00BF00A00C5830F0020100D070470A
:10A4200000B580B285B000900423702206480391E5
:10A4300000F0E4F970231A460399034805B05DF86B
:10A4400004EB00F0F1B900BF00A00C584FF000423F
:10A45000014B1A60704700BF00A10C58024A1368F4
:10A4600043F00303136070472422085800F00EBB2A
:10A4700000F0A0BA032300B583B000934FF0405220
:10A480001C230021074800F0B9F901234FF40072A2
:10A49000009300210923034800F0B0F903B05DF8F0
:10A4A00004FB00BF00A00C5808B5012200233C218A
:10A4B000034800F0B9F9003818BF012008BD00BFFB
:10A4C00000A00C5808B500F09BFA08BD054B1B68AE
:10A4D000002BB4BF4FF440524FF48052024B1A602D
:10A4E000704700BF08000050A8A00C58054B1B681F
:10A4F000002BB4BF4FF441524FF48252024B1A600A
:10A50000704700BF0800005028A10C5800F062BA44
:10A510004022024B1A6000F05DBA00BFA8A00C58A0
:10A520004FF0FF32002100F0D9BF00BF10B5044644
:10A5300000F054FB204600F073FB204600F092FB35
:10A540000121034B034A196013689B07FCD510BD1A
:10A55000282008602820084010B5044600F04EFB73
:10A56000204600F06DFB204600F08CFB0121034BE0
:10A57000034A196013689B07FCD510BD28200860AA
:10A580002820084000F06EBB01F066B8064B1B683F
:10A59000C3F38153022B00D07047044B044903449A
:10A5A0008B42F9D800F084BF040000505C8F82FF1A
:10A5B000B71E050001F012B8002310B4541E80E845
:10A5C0001E00C0E904335DF8044B704770B50546C2
:10A5D0000C46FAF753F8AB682A699C4228BF1C4620
:10A5E0006E682244B2FBF6F106FB11221B1BAB6026
:10A5F0002A61FAF7DFF8204670BD00BF8068704717
:10A6000070B504460D46FAF739F8D4E900232169FC
:10A61000A6685C1AB44228BF34460A442A60FAF796
:10A62000C9F8204670BD00BF70B504460D46FAF764
:10A6300025F8D4E90163B34214D0E36821680133FB
:10A64000B3FBF6F206FB12328D54A3686169013345
:10A65000994238BF1946C4E902326161FAF7AAF893
:10A66000A06870BDFAF7A6F84FF0FF3070BD00BFCC
:10A67000F8B504460E46FAF701F8D4E90173FD1A5D
:10A68000B54228BF3546E26866692A44B2FBF7F155
:10A690002B449E4238BF1E4607FB1122A360666111
:10A6A000E260FAF787F82846F8BD00BF70B50546A6
:10A6B0000E46F9F7E3FFEA686B68541CB4FBF3F24B
:10A6C00003FB12422968AC6811441C1B9A1A94427D
:10A6D00028BF14463160FAF76DF8204670BD00BF00
:10A6E000012243681B68DA64704700BFF0B5174D5C
:10A6F00085B0D5E900673879FEF702F9F9F7BEFFB2
:10A70000337804462BB12046FAF754F80F4805B0C9
:10A71000F0BD01A8FAF720F8BA7901AB0292797975
:10A720000B4A301D0195F9F74FFF01234FF0FF3120
:10A730003A683370D1623A680649204691603A68B7
:10A740005360FAF737F8014805B0F0BD4CB9000086
:10A75000E1A60000000400200849094B094A0868E6
:10A760001B7812685BB2A2F5407203FB02F340F360
:10A770001000A0EB231080300012704730500940C9
:10A780000C0B005028500940094B0A4A10B403280A
:10A7900088BF1A463F24C000136800F018008440A8
:10A7A00023EA0403814019435DF8044B11607047AC
:10A7B000043009400030094010B4054B054C1968BD
:10A7C00020681A689142FAD15DF8044B704700BFC7
:10A7D000082009400C200940EFF3108072B6704742
:10A7E000EFF3108062B67047EFF31180704700BF3F
:10A7F0000138FDD1704700BF4250704710B40F2B95
:10A80000BDF8044088BF103B00EB410104FA03F39C
:10A810008ABF120C01F5806001F2044043EA024253
:10A820005DF8044B026070470F2B014402D9103BC6
:10A830000231120C098889B20A4042FA03F080B250
:10A84000704700BF0B4B70B41A680B4EB2420CD06D
:10A850001C6806F1F8050434331FA41BE25843F8C2
:10A86000042FAB42FAD1034B1E6046F8201070BC97
:10A87000704700BF08ED00E000000020FF22094BF8
:10A8800010B4840853F8244000F003002368C0008B
:10A890008240814023EA0203194321605DF8044BA2
:10A8A000704700BF30C10000042815D005280DD026
:10A8B00006281DD00F2815D0A0F110031F2B1DD87E
:10A8C0000122134902FA03F30B607047114A13681F
:10A8D00043F40033136070470E4A136843F4803327
:10A8E000136070470C4A136843F00203136070470B
:10A8F000084A136843F48023136070472F2805D952
:10A900000123064A303803FA00F01060704700BF98
:10A9100000E100E024ED00E010E000E004E100E0F0
:10A920000E2811D00F2809D0A0F110031F2B11D829
:10A9300001220D4902FA03F30B6070470B4A1368BA
:10A9400043F0007313607047084A136843F00063D4
:10A95000136070472F2805D90123054A303803FAC0
:10A9600000F01060704700BF80E200E004ED00E0FE
:10A9700084E200E030B5C20704460D4683B003D43C
:10A9800063070BD403B030BD00238AB2009219468E
:10A9900001220748FFF732FF6307F3D5ADB2022368
:10A9A0000C22002102480095FFF728FF03B030BDBC
:10A9B00000A00C5808B5042807BF1D234FF0C04263
:10A9C0001C234FF080523C210148FFF72DFF08BDAA
:10A9D00000A00C580122002300B583B01946009254
:10A9E0000448FFF70BFF044A044B12689A6003B057
:10A9F0005DF804FB00A00C5830200940B89B0020F3
:10AA000010B51C4C1C2320464FF080523C21FFF710
:10AA10000BFF012823D0002301223C212046FFF711
:10AA200003FF00B910BD2388DB071AD5124B9B6BBF
:10AA300098474FF08072114B1A601149114B124A1E
:10AA400018688B68C860C31A02FB03F20B68100C0D
:10AA5000A3EB9303B3EB124F94BF08600B6001208C
:10AA600010BD4FF00121054A034B11609B6B2288FA
:10AA70009847E2E700A00C584800001004A40C58C6
:10AA8000B89B00203020094040420F00002310B541
:10AA9000154C82B01946204601220093FFF7AEFE06
:10AAA00020461C234FF080523C21FFF7BDFE50B1E1
:10AAB0002388DB0710D44FF001210C4A0C4B1160A6
:10AAC0009B6B228898470B4B0B4C1B686360FFF70E
:10AAD00043FE206102B010BD054B9B6B98474FF0C1
:10AAE0008072024B1A60EEE700A00C5804A40C58C8
:10AAF0004800001030200940B89B00201B3800FBA4
:10AB000000F20D49F0B4D1E9023602FB00F782FBF6
:10AB10000323C7FB0623D1E90016C0FB0623140953
:10AB200044EA037464184FEA231545EBE175200CE1
:10AB300040EA0540F0BC7047A89B002000FB00F3F2
:10AB4000C0EBA35000B27047C20702D501220B4BE5
:10AB50001A60830702D50122094B1A60410702D50A
:10AB60000122084B1A60C20602D50122064B1A6068
:10AB7000830602D50122054B1A6070473021084038
:10AB800034210840382108408C21084084210840A5
:10AB9000C20702D500220C4B1A60830702D500229F
:10ABA0000A4B1A60410702D50022094B1A60C206FF
:10ABB00003D5084BC0F301421A60830602D5002278
:10ABC000054B1A60704700BF30210840342108400F
:10ABD000382108408C210840842108400123064A7E
:10ABE000C0F3032152F8212000F01F00116803FA7E
:10ABF00000F008431060704794C100000122074B29
:10AC0000C0F3032153F8211000F01F000B6802FA73
:10AC100000F023EA00000860704700BF94C1000004
:10AC20000123064AC0F3032152F8212000F01F003F
:10AC3000116803FA00F0084310607047B0C10000CB
:10AC40000122074BC0F3032153F8211000F01F002D
:10AC50000B6802FA00F023EA00000860704700BFAA
:10AC6000B0C100000123064AC0F3032152F821209D
:10AC700000F01F00116803FA00F0084310607047ED
:10AC800078C100000122074BC0F3032153F82110C3
:10AC900000F01F000B6802FA00F023EA00000860D1
:10ACA000704700BF78C10000224A234B1B6811681F
:10ACB00010F001020ED181071CD5410703F00202FA
:10ACC00030D4131E18BF0123002B0CBF0222012217
:10ACD0001046704710B401F0040103F00104214351
:10ACE00004D184070BD4400719D4022210465DF822
:10ACF000044B7047400716D40222104670474107A4
:10AD000003F002020AD4131E18BF0123002B0CBF4C
:10AD1000022201225DF8044B1046704742B9C3F38A
:10AD20008003F3E712B9C3F38003CDE70122E4E720
:10AD30000122DBE79421084040210840124A134BCE
:10AD4000C10712681B6805D503F0040302F0010176
:10AD50000B4311D0810709D4430705D512F0040F26
:10AD600014BF01200220704701207047410702F004
:10AD7000020303D5002BF1D102207047002B14BF32
:10AD800001200220704700BF402108409421084064
:10AD9000054B1A6842F004021A6030BF1A6822F0AC
:10ADA00004021A60704700BF10ED00E038B54FF0A4
:10ADB000A0431B680546990707D41E4B1E4A1B6813
:10ADC000C3F3074343F0F00313704FF001201B4916
:10ADD0001B4B1C4A086012881C68204600F01AF9B8
:10ADE00004F04073B3F1807F04D1174A137843F025
:10ADF000020313702846214600F038FA134B144A18
:10AE00001B682046C3F3053111704021DA054CBFA1
:10AE1000104A114AC3F342231170DB000F4A43F476
:10AE20006053138000F030F9BDE83840022000F094
:10AE300089BC00BF080000505662085804A40C5892
:10AE40000400005000A00C58096208580C0C005077
:10AE50000EB00C401C6208582C6208586AB00C40B6
:10AE600038B5354B1C68621C08BF002400F08AFC12
:10AE700000F0EEFA314B1B68D90704D5304B204661
:10AE80001B68FFF793FF00212E4B2F4A19601368B0
:10AE9000C3F30133012B06D111682C4B0B4043F453
:10AEA0000031116013602A4C1420236843F08003A2
:10AEB0002360FFF735FD2368264A43F4E02323602F
:10AEC000236843F0010323601368C3F38153022B0B
:10AED0002DD0214A13681B07FCD44FF4C4044FF44F
:10AEE000A3011E4A1E4D1F4B1F48156003351860F5
:10AEF000956001381D4D98601D4815611D4D186104
:10AF00001D48956102F5B5221C4D986103F5B523E6
:10AF10001B48C2F8945502F2945203F5B1630C4AEF
:10AF200004601960136843F00203136038BD1548CC
:10AF300000F0BEFACDE700BF1C0B00500C400940EA
:10AF40002C0009588C21085828000958EFFFFCFCF8
:10AF5000002009580400005000400340A062085837
:10AF6000000F0B00A4620858080F0B001C1C0900FE
:10AF7000001C090040C00A0080C00A00F001400027
:10AF800030100E58BD37860000F01F0015281D4BED
:10AF900029D91B78203803F01F03152B28D81A4A0B
:10AFA000F0B4166816F0800726D1184D154C2A68A3
:10AFB00083422178B4BF013303F1FF3303F01F0252
:10AFC00001F0E0010A4398422270F0D10F4A136861
:10AFD0003FB10D480E4926F010061468126806604D
:10AFE0000B68F0BC70471B7803F01F03152B00D9CA
:10AFF000203B8342D3D17047054C26F0900111606D
:10B000002268D2E7066208582800095834200958F7
:10B010002C20095838B500F04073B3F1807F044606
:10B0200015D0134B1B6898070BD544F04064104AA9
:10B03000610113684CBF23F0050343F0050313605F
:10B0400038BD0C4A136823F020031360EFE7802318
:10B050004FF6D805084A094809491370094A05807E
:10B060000B701068C0F30460FFF78EFFD9E700BFD4
:10B070001000095824500940256208586662085893
:10B0800015620858880B0050C0F38143012B70B53E
:10B090005BD0022B03D04FF00042504B1A604FF0B0
:10B0A000A0431B681C0720D54FF400714C4A4D4B40
:10B0B00011601B68C0F38150C3F3C14343F03003F8
:10B0C000012882F8083114D0022839D0002870D025
:10B0D00002210420FFF74EFC434B44491B68444ABD
:10B0E00003F03F030B70136870BD4022414B1A60A0
:10B0F000DAE7FFF75FFC044604202146FFF73AFC3D
:10B100000420FFF757FCA042FAD13B4B01211A461D
:10B110003A483B4D00683B4C86B22E60C0F3074571
:10B120002560196013689B07FCD500230721136075
:10B13000000E354A00F032FB4FF48062274B1A6054
:10B1400003210420FFF716FCC6E7264B1B689D036E
:10B15000A1D44FF48041214A2C4D11602C68C3F3D7
:10B16000033224F08F04590A224301F08001284C55
:10B170000A432A602168C3F3032221F00F010A4326
:10B18000244922600A6803F0800422F0E702224387
:10B1900003F06004224303F00604224303F001039A
:10B1A00013430B604FF0A0431B681C073FF57CAFB7
:10B1B0009BE701210420FFF7DDFB0F4B43F2BD7637
:10B1C000862401211A460E4D0E482E600460196037
:10B1D00013689907FCD5002313607DE780A00C5805
:10B1E00000A10C588C0B00506C0B00500BB00C40A5
:10B1F0002C200940A8A00C5884600C581400005062
:10B200007C600C5880600C5800C000600C600858CE
:10B210000B6008580A6008584FF0A043114A30B438
:10B2200012681C680146E407C2F30350C2F30343EB
:10B230000BD40D4C246844F3032544F30334284411
:10B24000234480F3040083F304031B0443EA005304
:10B25000212990B240EA030084BF02F080421043EB
:10B2600030BC7047780B00500800005030B56B4B75
:10B2700004461B688803C3F3836283B0C3F38F2340
:10B280000ED441F30721002980F2A7805B0805D185
:10B2900052080ABF01234FF6FF731A460131F5D158
:10B2A00043EA024218215E48FFF7A6FA5B4A0023F0
:10B2B00011681268C1F38701120202F440720A4356
:10B2C00057482C21009240F2FF32FFF797FA554B76
:10B2D0001C211A685248C2F30D02FFF78DFA524B37
:10B2E00014211A684E4802F0FC32FFF785FA4F4BE2
:10B2F00010211A684A4822F07F4222F44032FFF7B8
:10B300007BFA2046FFF788FF0C2102464448FFF7EE
:10B3100073FA212C49D94649464A0B68C3F3007396
:10B320005B0043F0200313700B68C3F3407343F0DA
:10B3300010031370404D28212A68D00C930D00F49F
:10B34000407003F01C030343C2F381521A43344894
:10B35000FFF752FA2B68394AC3F301535B0043F0FD
:10B360006003212C13704DD9314A35481368354993
:10B37000C3F3C063DB0063F07F03DBB203701368C9
:10B38000C3F345539B0043F47C430B802A4B2E4967
:10B390001A68100300F47C1201400A430821204877
:10B3A00003B0BDE83040FFF727BA22211122214B1C
:10B3B0001F2C19701A70BDD8002228211848FFF7D9
:10B3C0001BFA602580244FF47C411C4A1C481D4B0D
:10B3D000157004701D4A1980E0E73FF461AF5B000F
:10B3E00043F00103B3F5803F4FEA420007D340F03A
:10B3F00001020F2A86BF4FF6FF730F220123013986
:10B40000EDD14DE780204FF47C420D490D4B1F2CB0
:10B4100008701A80BAD80D4AC0E700BF500B005020
:10B4200000A00C587C0B0050740B0050700B0050A7
:10B430008C0B005049A20C58980B00504CA20C5891
:10B4400041A20C585CA30C5800F0C0FF00803F40A4
:10B45000154A13681B07FCD44FF0A04013490B6832
:10B46000006823F00053400723F0070305D543F09D
:10B47000005343F005030B607047126843F000501F
:10B48000920740F004000DD043F0005343F007034F
:10B49000054A0B60136803F00303032BFAD1034B37
:10B4A0001860704708607047004003400440034044
:10B4B000084B01211A4630B4074C85B2C0F307404F
:10B4C00025606060196013689B07FCD530BC0023C1
:10B4D0001360704784600C587C600C58334B70B517
:10B4E0001B68044698070D46164602D5304B314A74
:10B4F0001A600021304A314B116027201B68FFF78A
:10B5000047FB2F492F4A0B684FF4806023F080736C
:10B5100023F480330B60136823F480731360FFF708
:10B52000B1FB4FF48160FFF7ADFB4FF4C060FFF754
:10B53000A9FB01232449254A0B6001F160411560F4
:10B5400002F55E4241F81C3CD2F884301C39990760
:10B5500002F1840203D4721C1ED0154B1E60174BDF
:10B560001B4A1B6813689B07FCD50720FFF79CFB51
:10B570000228FAD164B9174C204600F0DBF8042801
:10B58000FAD001280DD0144A136823F00303136086
:10B59000BDE87040FFF7FCBB4FF04042044B1A601F
:10B5A000DDE703210B4800F0BDF8ECE71000095877
:10B5B0001C000958FD0000400C4009402C200940A7
:10B5C0003C20085884200858282008608C210858FE
:10B5D0002820084000400340242208581A4B1B68CA
:10B5E0005BB31A4A126802F04061B1F1406F24D097
:10B5F00017490868800720D44FF0A04000688007F2
:10B600001BD4144810B40C68006814F0050FC0F384
:10B61000035000F11C004FEA00100FD1834209D9FA
:10B62000110158BF44F001045301094B58BF44F0C5
:10B6300004041C605DF8044B704770478342F9D2E4
:10B6400024F005040C60F5E7285009400400005080
:10B650001000095808000050064B1868030405D56F
:10B6600010F4804F14BF082009207047C0F3420037
:10B67000704700BF2800095830B400F118052C6845
:10B680002407FCD4C900B1FBF2F2C16A013221F0F7
:10B690001001C162016BD40921F4407121F0010154
:10B6A000C2F3450201634462826230BCC3627047E8
:10B6B00000F1180213681B07FCD4C36A23F01003BF
:10B6C000C362036B23F4407323F0010303637047E9
:10B6D00083699B065ABF016001200020704700BFAC
:10B6E000D30702D501238B40C361930702D5012301
:10B6F0008B404363530702D501238B40C363130779
:10B7000003D5012303FA01F14162704743F6F77252
:10B71000836803EB0111886810401CBF00090130E9
:10B72000704700BF436801F0030123F0030319438E
:10B73000416070470068030754BF00F00300042015
:10B74000704700BF70B40B490B4C0C4D0C4E226877
:10B750000B689342FCD1824209D0AB5C2A5C9A42CE
:10B7600033448CBF5B7813F8013C2360EFE770BC77
:10B77000704700BF04600C4000600C40CCC100006A
:10B78000D0C100004BF67832034B1B68C3F30F3374
:10B79000934200D17047FEE7180B0050800000F183
:10B7A000804000F5012011430160704730B5013938
:10B7B0000024A24201D1002005E0035D01340D5DAB
:10B7C000AB42F6D0581B30BD0A44431E914200D113
:10B7D000704710B511F8014B914203F8014FF9D1B0
:10B7E00010BD02440346934200D1704703F8011B89
:10B7F000F9E738B50C460968054609B1FFF7F9FFC6
:10B8000021462846BDE83840F9F730BC2C4B1B6870
:10B81000834270B5044651D0436A43B1DB68002BC4
:10B820004AD1636A196811B12046F9F71FFC6169B2
:10B8300011B12046F9F71AFC616A11B12046F9F7F7
:10B8400015FCA16B11B12046F9F710FCE16B11B1A9
:10B850002046F9F70BFC216C11B12046F9F706FCE4
:10B86000E16D11B12046F9F701FCA16D11B120463F
:10B87000F9F7FCFB616B11B12046F9F7F7FBA369FF
:10B88000E3B1A36A20469847A16CB9B12046BDE850
:10B890007040FFF7AEBF495941B90435636A802D46
:10B8A000D968F8D12046F9F7E1FBBAE70E682046DF
:10B8B000F9F7DCFB3146EFE70025EFE770BD00BF8D
:10B8C000600700200139034610B532B111F8014F6D
:10B8D000013A03F8014B002CF7D11A44002193429E
:0CB8E00000D110BD03F8011BF9E70000C7
:10B8EC0049444C4500000000546D722053766300AF
:10B8FC004D7574657850000053656D6170686F729A
:10B90C0065500000286E756C6C29000030313233A4
:10B91C00343536373839616263646566000000007F
:10B92C004E414D450000000078000000504B545F24
:10B93C00535452543A200000000002400929FF00E1
:10B94C00009E002044B90000032F0000EC040020EE
:10B95C00409D0020609F0020FFFFFFFF00000000C3
:10B96C0065480000798B0000010101000000000017
:10B97C00FF000100290A0000070000000010004031
:10B98C0015000000FF0000006409002020000000EA
:10B99C008409002020000000000000000C000000C2
:10B9AC000D000000FF000000FF000000200400203C
:10B9BC00100400200400000002000000050000003C
:10B9CC00100000000F000000110000001200000029
:10B9DC0000020000D09B002088B90000010000008C
:10B9EC000000000000000000FFFFFFFF000000004F
:10B9FC00FFFFFFFF0000000000000000000000003F
:10BA0C003A013A01000000000000000000000000B4
:10BA1C00020500000201000001F1011101F100001A
:10BA2C00000000000111000001F1000000000111F4
:10BA3C0000000000000000000000000000000000FA
:10BA4C0000000000000000000000000001110000D8
:10BA5C00FB4200211F450021E5400021B945002192
:10BA6C00C945002105460021BD9F0000B5A5000079
:10BA7C00FF9E0000379F000051A30000C9A40000E6
:10BA8C003BA500007DA5000089A20000A1A200003A
:10BA9C004DA400001941002170B5064D06488021C7
:10BAAC0072B6026811430160044B1C68026062B6F6
:10BABC000348004794020021000004400430044075
:10BACC0085030000F0B503488DB0006820300249B2
:10BADC000847000008010021ADA3020070B50C4618
:10BAEC0000490847A5A6020010B57146090A5C2951
:10BAFC0001D1002100E0012100F030FA10BD00005E
:10BB0C00F8B507460049084795580000F3B50646B6
:10BB1C0081B0014A10470000615C0000F7B5854810
:10BB2C0084B04068164600250290002A01D0824C51
:10BB3C0000E0824C002262628148002E03D07F4BD1
:10BB4C005B6A036004E07C4B5B6A002B00D10260F3
:10BB5C007C4B587DC70704D08007C00FB04200D182
:10BB6C005A75744A0020403210600120764A000356
:10BB7C00106002293BD0002901D0012000E00020F8
:10BB8C002268527B13071B0F00F068FA060431067B
:10BB9C00080B0D2001270DE001225040002826D172
:10BBAC00F8E7012358400028F4D01006070F10D0F6
:10BBBC00002F27DD206803290DD04568284600F0AA
:10BBCC003BFA002809D06148049010E05F48801EC1
:10BBDC00FAE7256816E00569F0E701200FE06868D0
:10BBEC00019000F029FA002804D0584868800027FA
:10BBFC00FF4307E0032068800098019D401C0090E3
:10BC0C00B842ECDB04982168002E4880504801D0E3
:10BC1C00042100E001218160002F0EDA002E01D0FA
:10BC2C00082100E002218160002120462030C172F1
:10BC3C002160FC21817207B0F0BD28880027000527
:10BC4C00800F032802D0022802D02BE03A4800E0F3
:10BC5C003A480090A04204D00068002812D03B4F14
:10BC6C00BF1C00982030C17A83221140C17239491F
:10BC7C0028468847822815D03749884215D1334F3A
:10BC8C00BF1C36E02C222146009800F0DBF9002185
:10BC9C0020462030C1722160FC2181720120464077
:10BCAC00009CDEE7294F7F1C23E0002F21D1A068E8
:10BCBC00E0600298606125602068407B0007000FFF
:10BCCC00052802D9214FBF1E13E072B680202349EC
:10BCDC008847054662B62068214B002231469847BA
:10BCEC00074672B628461D491239884762B6002F9E
:10BCFC00A1D0324602213846FFF710FF9BE7114BCB
:10BD0C0000281A7D04D0C80002431A750A4802E0C4
:10BD1C000A430A481A75FE222A210A540068022195
:10BD2C00418007490F48086007498020803108602E
:10BD3C00704700000030044034010021080100214C
:10BD4C00A80200218002002180E100E0040800002C
:10BD5C000011044057060000FFFF00006D42000078
:10BD6C00BF04000095400021F0B5012487B00020ED
:10BD7C000090714802946F4D0068407F002800D0FD
:10BD8C000120049000206B4901902031049805910A
:10BD9C0000287ED02F4660372946684AF87F5031FC
:10BDAC0090470006000EF87774D1E88CB97F401AE2
:10BDBC00801CE884059E307D00286CD15E480068AC
:10BDCC005F49848F042008606007C00F7075284697
:10BDDC00403001460390008810229043E206D20FB7
:10BDEC0012011043202290436206D20F52011043DD
:10BDFC0040229043E205D20F920110430880514833
:10BE0C00804701904E49307D8039002829D0200789
:10BE1C00C00F70751C20385E002801DA0420086001
:10BE2C000398102100888843A106C90F0901084313
:10BE3C00202188432106C90F49010843402188432A
:10BE4C00A105C90F890108430399088000203075AA
:10BE5C00FFF738FE317D002942D10121009101907C
:10BE6C0005E01C20385E002801DA042008600098E8
:10BE7C00002813D02005A104C00FC90FA207D20FB0
:10BE8C0002922A46803253780124012B0DD0032BC9
:10BE9C0002E031E02FE023E007D00CE06005E10484
:10BEAC00C00FC90FE207D20FEAE79378002B02D13B
:10BEBC00002800D134755078022811D1002905D002
:10BECC000398808A8004800F022809D21E482421FE
:10BEDC00407C695EC01DC008081A032800D0347568
:10BEEC0029460198FFF7FAFD0446012816D005985B
:10BEFC00007D002803D011E014488047F4E7049833
:10BF0C00029A0104009801437E2000F0A1F80298E7
:10BF1C00002803D001200E4900058860204607B098
:10BF2C00F0BD072801D00B4A10470B4A4A60C87273
:10BF3C007047000060010021080100212BA20200C3
:10BF4C0080E100E0A5A302002800002179A60200F0
:10BF5C0000110440A99102006543002142070B48DF
:10BF6C00520F02600B4B0A4A5B78127B022B0BD1EF
:10BF7C00D20909D0002903D005210160072102E074
:10BF8C00042101600621016070470000C062084076
:10BF9C00A80000218003002116494A7952070CD4CD
:10BFAC000A79002A09D0002800D188691249800337
:10BFBC00800F4018114A01211047704710B50446F4
:10BFCC00FFF79EFD2046FFF7E7FF10BD70B5044656
:10BFDC000B4A01200D4650600A4900204862294650
:10BFEC002046FFF793FD002C02D02846FFF7D4FF24
:10BFFC0070BD000080030021302A0000AF4E00000D
:10C00C0000500440805304400648C088012801D0E9
:10C01C000548004705490120486005490020486251
:10C02C000448F6E78003002119A0000000500440EA
:10C03C0080530440AF5B000003B40148019001BD84
:10C04C00BD3F000003B40148019001BDF90200009E
:10C05C0003B40148019001BD873C000030B4744624
:10C06C00641E2578641CAB4200D21D46635D5B00E8
:10C07C00E31830BC184700008E0000008E00010051
:10C08C008E0002008E0003008F0000018F00000262
:10C09C008F0000038E0001048E0000058E00080442
:10C0AC008E00000489000006500000007F00010093
:10C0BC003F0004003F0002003F0001007F0002002F
:10C0CC008E0002048E0001028E0001018E0002021D
:10C0DC008E0003028E0002018E0003018E0001030C
:10C0EC000000000000000000000000000000000044
:10C0FC00000000000100000000C20100030000006D
:10C10C000000000000204060000602868200000053
:10C11C0000081018200000000008000000010203B5
:10C12C00040000000000000018ED00E01CED00E031
:10C13C0020ED00E000E400E004E400E008E400E0AE
:10C14C000CE400E010E400E014E400E018E400E08B
:10C15C001CE400E020E400E024E400E028E400E03B
:10C16C002CE400E030E400E034E400E05C20084023
:10C17C00802008407420084068200840442008585B
:10C18C00502008408C20084054200840782008405B
:10C19C006C200840602008403C200858482008408B
:10C1AC0084200840582008407C200840702008401B
:10C1BC0064200840402008584C2008408820084043
:10C1CC000102000302000103000000000000000057
:10C1DC000000000000000000000000000000000053
:10C1EC000000000000000000000000000000000043
:10C1FC000000000000000000000000000000000033
:10C20C000000000000000000000000000000000022
:10C21C000000000000000000000000000000000012
:0CC22C00000000000000000022000100E3
:10C2380000000000A17F00000000000000000000D6
:10C248002BCEF802D38843005D4001403111140819
:10C25800464488509C601A00A38801000200DF7DD4
:10C2680028601A00FFFFFFFF0738000000000000E9
:10C2780000000000000121030F0080005204A0000C
:10C288000800FEFF40040020930300800500000022
:10C29800000000000000000003080000000000008B
:10C2A80000000000000193030000000000000000EF
:10C2B8000138000000000000000000000001181410
:10C2C800DE510B930000000002380000000000005F
:10C2D8000000000000011888DE510B93FFAABB0183
:10C2E8000000000000000000000000000000000046
:10C2F8000000000000000000001000200280002064
:10C3080002800020000800200008002002C0000071
:10C3180002C0000002C0000002C00000024000206D
:10C328000108002002C0000002C0002002C0000076
:10C3380002C0000002C0000002C0000002C00000ED
:10C3480002C0000002C0000002C0000002C00000DD
:10C3580002C0000002C0000002C0000002C00000CD
:10C3680002C0000002C0000002C0000002C00000BD
:10C3780002C00000001000200010002002C00000D1
:10C3880002C0000002C0000002C0000002C000009D
:10C3980002C0000002C0000002C0000002C000008D
:10C3A80002C0000002C0000002C000000900000036
:10C3B8002B00000000E000E000000000000000008A
:10C3C8000A00000001000000000000000004000056
:10C3D8000000000000000000AAAAAAAA0D6500003B
:10C3E8003F5E0000000000000000000000000000A8
:10C3F8000000000000000000000000000000000035
:10C408000000000000000000000000000000000024
:10C418000000000000000000000000000000000014
:10C428000000000000000000000000000000000004
:10C4380000000000000000000000000000000000F4
:10C4480000000000000000000000000000000000E4
:10C4580000000000000000000000000000000000D4
:10C4680000000000000000000000000000000000C4
:10C4780000000000000000000000000000000000B4
:10C4880000000000000000000000000000000000A4
:10C498000000000000000000000000000000000094
:10C4A8000000000000000000000000000000000084
:10C4B8000000000000000000000000000000000074
:10C4C8000000000000000000000000000000000064
:10C4D8000000000000000000000000000000000054
:10C4E8000000000000000000000000000000000044
:10C4F8000000000000000000000000000000000034
:10C508000000000000000000000000000000000023
:10C518000000000000000000010000000000000012
:10C528000000000001000000000000000000000002
:10C5380000000000000000000000000000000000F3
:10C54800000000000000000049830000C9830000CB
:10C55800458300000000000000000000000080008B
:10C568006407002000000000F4C1000014C20000AD
:10C57800D4C100000000000000000000000000001E
:10C5880000000000000000000000000000000000A3
:10C598000000000000000000000000000000000093
:10C5A8000000000000000000000000000000000083
:10C5B8000000000000000000000000000000000073
:04C5C800000000006F
:08C5CC00643BFF7F0100000049
:020000045000AA
:10000000FDFF7C00FFD5B9F3100080FFFFFFFFFF6D
:10001000FFFFFFFF00008001FFFFFFFFFFFFFFFF6B
:10002000FFFFFFFFFFFFFFFFFFFFFFC5FFFFFFFF1A
:10003000FFFFFFFF0000C5FF00C5C5FF000000FF78
:1000400000000000FFFFFFFFFFFFFFFFFFFFFFFFBC
:10005000FFFFFFFF0004FEFF0000FCFFFEFFFFFFAD
:10006000FFFFFFFFFFFFFFFFFFFFFFFFFFFFFFFFA0
:0C007000FFFFFFFFFFFFFFFFFFFFFFFF90
:0400000300005009A0
:00000001FF
